// SPDX-License-Identifier: MIT
const uint8_t kSigTransitionGameState[] = {
    0x55, 0x8b, 0xec, 0x66, 0x8b, 0x0d, 0x84, 0xc1,
    0x91, 0x00, 0x8b, 0x45, 0x08, 0x66, 0x3b, 0xc8,
};
const RelocSlot kRelTransitionGameState[] = {
    {6, 0x0091c184},
};

const uint8_t kSigPauseMenuSelector[] = {
    0xa1, 0xdc, 0xdf, 0x95, 0x00, 0xc7, 0x45, 0xfc,
    0x00, 0x00, 0x00, 0x00, 0x83, 0xf8, 0x05, 0x75,
};
const RelocSlot kRelPauseMenuSelector[] = {
    {1, 0x0095dfdc},
};

const uint8_t kSigLoadMapFileIntoMemory[] = {
    0x55, 0x8b, 0xec, 0x6a, 0xff, 0x68, 0x5b, 0x04,
    0x82, 0x00, 0x64, 0xa1, 0x00, 0x00, 0x00, 0x00,
};
const RelocSlot kRelLoadMapFileIntoMemory[] = {
    {6, 0x0082045b},
};

const uint8_t kSigGameFree[] = {
    0x55, 0x8b, 0xec, 0x83, 0xec, 0x10, 0xe8, 0xf5,
    0x08, 0x00, 0x00, 0x85, 0xc0, 0x75, 0x1b, 0x6a,
};

const uint8_t kSigProcessNetworkTurn[] = {
    0xe8, 0x1b, 0x6d, 0xff, 0xff, 0x83, 0xf8, 0x18,
    0x0f, 0x84, 0xc6, 0x01, 0x00, 0x00, 0x56, 0xff,
};

const uint8_t kSigProcessLocalMatchTick[] = {
    0x6a, 0x02, 0xe8, 0x29, 0xe7, 0x03, 0x00, 0x83,
    0xc4, 0x04, 0xe8, 0xc1, 0xe9, 0x03, 0x00, 0x85,
};

const uint8_t kSigLobbyBuildFn[] = {
    0x55, 0x8b, 0xec, 0x6a, 0xff, 0x68, 0xc9, 0x3c,
    0x82, 0x00, 0x64, 0xa1, 0x00, 0x00, 0x00, 0x00,
    0x50, 0x81, 0xec, 0x9c,
};
const RelocSlot kRelLobbyBuildFn[] = {
    {6, 0x00823cc9},
};

const uint8_t kSigLobbyCallSite[] = {
    0xe8, 0x81, 0xe8, 0xff, 0xff, 0xff, 0x35, 0x70,
    0x51, 0x96, 0x00, 0x8a, 0xd8, 0xe8, 0xc4, 0x12,
    0x08, 0x00,
};
const RelocSlot kRelLobbyCallSite[] = {
    {7, 0x00965170},
};

const uint8_t kSigNkCtxCurrent[] = {
    0x55, 0x8b, 0xec, 0x83, 0xec, 0x08, 0x83, 0x7d,
    0x08, 0x00, 0x74, 0x1e, 0x8b, 0x45, 0x08, 0x83,
    0xb8, 0x28, 0x3d, 0x00, 0x00, 0x00, 0x74, 0x12,
    0x8b, 0x4d, 0x08, 0x8b, 0x91, 0x28, 0x3d, 0x00,
};

const uint8_t kSigNkWinBuffer[] = {
    0x8b, 0x45, 0xe8, 0x83, 0xc0, 0x64, 0x50, 0xe8,
    0xf5, 0x5b, 0x01, 0x00, 0x83, 0xc4, 0x1c, 0x8b,
};

const uint8_t kSigNkFillRect[] = {
    0x55, 0x8b, 0xec, 0x83, 0xec, 0x10, 0x83, 0x7d,
    0x08, 0x00, 0x74, 0x2c, 0x0f, 0xb6, 0x45, 0x23,
    0x85, 0xc0, 0x74, 0x24, 0xf3, 0x0f, 0x10, 0x45,
};

const uint8_t kSigGlCreateTexture[] = {
    0xa1, 0xa0, 0x57, 0x96, 0x00, 0x89, 0x45, 0xe0,
    0x8d, 0x4d, 0xf0, 0x51, 0x6a, 0x01, 0x68, 0xe1,
    0x0d, 0x00, 0x00, 0xff, 0x55, 0xe0, 0x8b, 0x15,
    0xd0, 0x5d, 0x96, 0x00, 0x89, 0x55, 0xdc, 0x68,
    0x2f, 0x81, 0x00, 0x00, 0x68, 0x02, 0x28, 0x00,
};
const RelocSlot kRelGlCreateTexture[] = {
    {1, 0x009657a0},
    {24, 0x00965dd0},
};

const uint8_t kSigGlTextureStorage[] = {
    0x8b, 0x0d, 0xdc, 0x5d, 0x96, 0x00, 0x89, 0x4d,
    0xb4, 0x8b, 0x55, 0x18, 0x52, 0xe8, 0x56, 0x06,
    0x00, 0x00, 0x83, 0xc4, 0x04, 0x89, 0x45, 0xbc,
    0x8b, 0x45, 0xf0, 0x89, 0x45, 0xb8, 0x8b, 0x4d,
    0x10, 0x51, 0x8b, 0x55, 0x0c, 0x52, 0x8b, 0x45,
    0xbc, 0x50, 0x6a, 0x01, 0x8b, 0x4d, 0xb8, 0x51,
    0xff, 0x55, 0xb4, 0x8b, 0x15, 0xf0, 0x5d, 0x96,
    0x00, 0x89, 0x55, 0xa8,
};
const RelocSlot kRelGlTextureStorage[] = {
    {2, 0x00965ddc},
    {53, 0x00965df0},
};

const uint8_t kSigGameTextureLayout[] = {
    0x6a, 0x14, 0xe8, 0x5e, 0x70, 0xf3, 0xff, 0x83,
    0xc4, 0x04, 0x89, 0x45, 0xec, 0xc7, 0x45, 0xfc,
    0x00, 0x00, 0x00, 0x00, 0x83, 0x7d, 0xec, 0x00,
    0x74, 0x21, 0x8b, 0x4d, 0x1c, 0x51, 0x8b, 0x55,
    0x18, 0x52, 0x8b, 0x45, 0xf0, 0x50, 0x8b, 0x4d,
    0x10, 0x51, 0x8b, 0x55, 0x0c, 0x52, 0x8b, 0x4d,
    0xec, 0xe8, 0xef, 0x04, 0x00, 0x00,
};

const uint8_t kSigNkDrawImage[] = {
    0x6a, 0x24, 0x6a, 0x11, 0x8b, 0x4d, 0x08, 0x51,
    0xe8, 0x1d, 0x7a, 0x00, 0x00, 0x83, 0xc4, 0x0c,
    0x89, 0x45, 0xf8, 0x83, 0x7d, 0xf8, 0x00, 0x75,
    0x05, 0xe9, 0x9c, 0x00, 0x00, 0x00, 0xf3, 0x0f,
    0x2c, 0x55, 0x0c, 0x8b, 0x45, 0xf8, 0x66, 0x89,
    0x50, 0x08,
};

const uint8_t kSigPushMapMessage[] = {
    0x55, 0x8b, 0xec, 0x83, 0xec, 0x0c, 0x56, 0x57,
    0x0f, 0xb6, 0x05, 0x98, 0x17, 0x9b, 0x00, 0x85,
    0xc0, 0x74, 0x02, 0xeb, 0x14, 0x68, 0x7c, 0xc1,
    0x85, 0x00, 0x6a, 0x5b, 0x68, 0xa0, 0xc1, 0x85,
    0x00, 0xe8, 0xca, 0x09, 0xfe, 0xff, 0x83, 0xc4,
    0x0c, 0xc7, 0x45, 0xfc, 0x01, 0x00, 0x00, 0x00,
    0xeb, 0x09, 0x8b, 0x4d, 0xfc, 0x83, 0xc1, 0x01,
    0x89, 0x4d, 0xfc, 0x83, 0x7d, 0xfc, 0x0f, 0x7d,
};
const RelocSlot kRelPushMapMessage[] = {
    {11, 0x009b1798},
    {22, 0x0085c17c},
    {29, 0x0085c1a0},
};

const uint8_t kSigMapMessageRing[] = {
    0xeb, 0x09, 0x8b, 0x4d, 0xfc, 0x83, 0xc1, 0x01,
    0x89, 0x4d, 0xfc, 0x83, 0x7d, 0xfc, 0x0f, 0x7d,
    0x33, 0x8b, 0x55, 0xfc, 0x83, 0xea, 0x01, 0x69,
    0xc2, 0xd0, 0x00, 0x00, 0x00, 0x05, 0xa0, 0x17,
    0x9b, 0x00, 0x89, 0x45, 0xf4, 0x69, 0x4d, 0xfc,
    0xd0, 0x00, 0x00, 0x00,
};
const RelocSlot kRelMapMessageRing[] = {
    {30, 0x009b17a0},
};

const uint8_t kSigDrawMapMessageList[] = {
    0x55, 0x8b, 0xec, 0x83, 0xec, 0x44, 0xa1, 0xc0,
    0xd6, 0x90, 0x00, 0x33, 0xc5, 0x89, 0x45, 0xfc,
    0x8b, 0x45, 0x08, 0x50, 0xe8, 0xd7, 0x5d, 0xf9,
    0xff, 0x83, 0xc4, 0x04, 0x89, 0x45, 0xd4, 0x89,
    0x55, 0xd8, 0x0f, 0x57, 0xc0, 0xf3, 0x0f, 0x11,
    0x45, 0xcc, 0x0f, 0x57, 0xc0, 0xf3, 0x0f, 0x11,
};
const RelocSlot kRelDrawMapMessageList[] = {
    {7, 0x0090d6c0},
};

const uint8_t kSigMsgLineCallFrame[] = {
    0x0f, 0xb6, 0x05, 0x6c, 0x25, 0x9b, 0x00, 0x50,
    0x83, 0xec, 0x10, 0x8b, 0xcc, 0x8b, 0x55, 0xec,
    0x89, 0x11, 0x8b, 0x45, 0xf0, 0x89, 0x41, 0x04,
    0x8b, 0x55, 0xf4, 0x89, 0x51, 0x08, 0x8b, 0x45,
    0xf8, 0x89, 0x41, 0x0c, 0x68, 0xa0, 0x24, 0x9b,
    0x00, 0x8b, 0x4d, 0x08, 0x51, 0xe8, 0xb9, 0xfd,
    0xff, 0xff, 0x83, 0xc4, 0x24, 0x89, 0x45, 0xe8,
    0x8b, 0x55, 0x0c, 0x52, 0x8b, 0x45, 0xe8, 0x50,
};
const RelocSlot kRelMsgLineCallFrame[] = {
    {3, 0x009b256c},
    {37, 0x009b24a0},
};

const uint8_t kSigDrawMapMessageLine[] = {
    0x55, 0x8b, 0xec, 0x83, 0xec, 0x3c, 0xa1, 0xc0,
    0xd6, 0x90, 0x00, 0x33, 0xc5, 0x89, 0x45, 0xfc,
    0x51, 0xf3, 0x0f, 0x10, 0x45, 0x18, 0xf3, 0x0f,
    0x11, 0x04, 0x24, 0x8b, 0x45, 0x0c, 0x50, 0xe8,
    0x3c, 0x9c, 0x1e, 0x00, 0x83, 0xc4, 0x04, 0x50,
    0x8b, 0x4d, 0x0c, 0x51, 0x8b, 0x55, 0x08, 0x52,
};
const RelocSlot kRelDrawMapMessageLine[] = {
    {7, 0x0090d6c0},
};

const uint8_t kSigResetMapMessageSlots[] = {
    0x55, 0x8b, 0xec, 0x51, 0x0f, 0xb6, 0x05, 0x98,
    0x17, 0x9b, 0x00, 0x85, 0xc0, 0x75, 0x02, 0xeb,
    0x14, 0x68, 0xb8, 0xbf, 0x85, 0x00, 0x6a, 0x44,
    0x68, 0xe0, 0xbf, 0x85, 0x00, 0xe8, 0x7e, 0x0a,
    0xfe, 0xff, 0x83, 0xc4, 0x0c, 0xc7, 0x45, 0xfc,
    0x00, 0x00, 0x00, 0x00, 0xeb, 0x09, 0x8b, 0x4d,
};
const RelocSlot kRelResetMapMessageSlots[] = {
    {7, 0x009b1798},
    {18, 0x0085bfb8},
    {25, 0x0085bfe0},
};

const uint8_t kSigNkWrappedLineCount[] = {
    0x55, 0x8b, 0xec, 0x83, 0xec, 0x18, 0xc7, 0x45,
    0xf0, 0x20, 0x00, 0x00, 0x00, 0xc7, 0x45, 0xfc,
    0x00, 0x00, 0x00, 0x00, 0xc7, 0x45, 0xf4, 0x00,
    0x00, 0x00, 0x00, 0xc7, 0x45, 0xe8, 0x00, 0x00,
    0x00, 0x00, 0x0f, 0x57, 0xc0, 0xf3, 0x0f, 0x11,
    0x45, 0xec, 0x6a, 0x01, 0x8d, 0x45, 0xf0, 0x50,
};

const uint8_t kSigNkWrappedLabel[] = {
    0x55, 0x8b, 0xec, 0x8b, 0x45, 0x10, 0x50, 0x8b,
    0x4d, 0x0c, 0x51, 0xe8, 0x00, 0x12, 0x01, 0x00,
    0x83, 0xc4, 0x04, 0x50, 0x8b, 0x55, 0x0c, 0x52,
    0x8b, 0x45, 0x08, 0x50, 0xe8, 0x2f, 0xfe, 0xff,
};

const uint8_t kSigNkContentRegion[] = {
    0x55, 0x8b, 0xec, 0x83, 0xec, 0x10, 0x83, 0x7d,
    0x08, 0x00, 0x74, 0x0c, 0x8b, 0x45, 0x08, 0x83,
    0xb8, 0x28, 0x3d, 0x00, 0x00, 0x00, 0x75, 0x28,
    0x51, 0x0f, 0x57, 0xc0, 0xf3, 0x0f, 0x11, 0x04,
    0x24, 0x51, 0x0f, 0x57, 0xc0, 0xf3, 0x0f, 0x11,
    0x04, 0x24, 0xe8, 0x01, 0x4f, 0x01, 0x00, 0x83,
};

const uint8_t kSigNkCtxGroupPadding[] = {
    0x8b, 0x45, 0x08, 0xf3, 0x0f, 0x10, 0x80, 0x1c,
    0x20, 0x00, 0x00, 0xf3, 0x0f, 0x59, 0x05, 0xc4,
    0x5e, 0x84, 0x00, 0xf3, 0x0f, 0x10, 0x4d, 0xf8,
    0xf3, 0x0f, 0x5c, 0xc8, 0xf3, 0x0f, 0x11, 0x4d,
};
const RelocSlot kRelNkCtxGroupPadding[] = {
    {15, 0x00845ec4},
};

const uint8_t kSigNkCtxTextColour[] = {
    0x8b, 0x45, 0x08, 0x8b, 0x88, 0x0c, 0x02, 0x00,
    0x00, 0x89, 0x4d, 0xd4, 0x8b, 0x55, 0xd4, 0x89,
    0x55, 0xdc, 0x8b, 0x45, 0xdc, 0x50, 0x8b, 0x4d,
    0x0c, 0x51, 0x8b, 0x55, 0x08, 0x52, 0xe8, 0x80,
};

const uint8_t kSigWriteStickyMapMessage[] = {
    0x55, 0x8b, 0xec, 0x0f, 0xb6, 0x05, 0x98, 0x17,
    0x9b, 0x00, 0x85, 0xc0, 0x74, 0x02, 0xeb, 0x14,
    0x68, 0x5c, 0xc2, 0x85, 0x00, 0x6a, 0x6b, 0x68,
    0x80, 0xc2, 0x85, 0x00, 0xe8, 0x2f, 0x09, 0xfe,
    0xff, 0x83, 0xc4, 0x0c, 0x8b, 0x4d, 0x0c, 0x51,
    0x6a, 0x01, 0x8b, 0x55, 0x08, 0x52,
};
const RelocSlot kRelWriteStickyMapMessage[] = {
    {6, 0x009b1798},
    {17, 0x0085c25c},
    {24, 0x0085c280},
};

const uint8_t kSigBuildMapMessagesPanel[] = {
    0x55, 0x8b, 0xec, 0x83, 0xec, 0x08, 0x0f, 0xb6,
    0x05, 0x98, 0x17, 0x9b, 0x00, 0x85, 0xc0, 0x74,
    0x02, 0xeb, 0x17, 0x68, 0x1c, 0xc4, 0x85, 0x00,
    0x68, 0xa8, 0x00, 0x00, 0x00, 0x68, 0x40, 0xc4,
    0x85, 0x00, 0xe8, 0x39, 0x08, 0xfe, 0xff, 0x83,
    0xc4, 0x0c,
};
const RelocSlot kRelBuildMapMessagesPanel[] = {
    {9, 0x009b1798},
    {20, 0x0085c41c},
    {30, 0x0085c440},
};

const uint8_t kSigDisplayChatOrGameMessage[] = {
    0x55, 0x8b, 0xec, 0x6a, 0xff, 0x68, 0xa0, 0x04,
    0x82, 0x00, 0x64, 0xa1, 0x00, 0x00, 0x00, 0x00,
    0x50, 0x81, 0xec, 0x2c, 0x02, 0x00, 0x00, 0xa1,
    0xc0, 0xd6, 0x90, 0x00, 0x33, 0xc5, 0x89, 0x45,
    0xf0, 0x56, 0x57, 0x50, 0x8d, 0x45, 0xf4, 0x64,
    0xa3, 0x00, 0x00, 0x00, 0x00, 0x8b, 0x75, 0x08,
    0x8b, 0x45, 0x10, 0x8a, 0x4d, 0x0c, 0x89, 0xb5,
    0xcc, 0xfd, 0xff, 0xff, 0x85, 0xf6, 0x0f, 0x84,
    0x6a, 0x02, 0x00, 0x00, 0x3d, 0xe8, 0x03, 0x00,
    0x00, 0x0f, 0xb6, 0xd1, 0xbf, 0x58, 0x1b, 0x00,
    0x00, 0x0f, 0x43, 0xf8, 0x89, 0xbd, 0xc8, 0xfd,
    0xff, 0xff, 0x80, 0xf9, 0x08, 0x75, 0x30,
};
const RelocSlot kRelDisplayChatOrGameMessage[] = {
    {6, 0x008204a0},
    {24, 0x0090d6c0},
};

const uint8_t kSigPlayerNameTable[] = {
    0x8d, 0x04, 0xd5, 0x00, 0x00, 0x00, 0x00, 0xc7,
    0x85, 0xe8, 0xfd, 0xff, 0xff, 0x00, 0x00, 0x00,
    0x00, 0x2b, 0xc2, 0xc7, 0x85, 0xec, 0xfd, 0xff,
    0xff, 0x00, 0x00, 0x00, 0x00, 0x0f, 0x57, 0xc0,
    0x0f, 0x11, 0x85, 0xd8, 0xfd, 0xff, 0xff, 0x8d,
    0x0c, 0xc5, 0xa8, 0xad, 0x91, 0x00, 0x8b, 0xf9,
};
const RelocSlot kRelPlayerNameTable[] = {
    {42, 0x0091ada8},
};

const uint8_t kSigTeamColourReorder[] = {
    0x0f, 0xb6, 0x87, 0x90, 0x93, 0x91, 0x00, 0x50,
};
const RelocSlot kRelTeamColourReorder[] = {
    {3, 0x00919390},
};

const uint8_t kSigTeamColourRgbaTable[] = {
    0x0f, 0xb6, 0x46, 0x18, 0x8b, 0x4f, 0x20, 0x0f,
    0xb6, 0x80, 0x90, 0x93, 0x91, 0x00, 0xc1, 0xe0,
    0x04, 0x05, 0x40, 0x96, 0x8c, 0x00,
};
const RelocSlot kRelTeamColourRgbaTable[] = {
    {10, 0x00919390},
    {18, 0x008c9640},
};

const uint8_t kSigRenderPalettePointer[] = {
    0x0f, 0xb6, 0x56, 0x04, 0x8b, 0x0d, 0x04, 0x9e,
    0x94, 0x00, 0x8a, 0x64, 0x91, 0x01, 0x88, 0xa5,
    0x1f, 0xfd, 0xff, 0xff, 0x0f, 0xb6, 0x04, 0x91,
};
const RelocSlot kRelRenderPalettePointer[] = {
    {6, 0x00949e04},
};

const uint8_t kSigChatTextboxEventProc[] = {
    0x55, 0x8b, 0xec, 0x53, 0x8b, 0x5d, 0x08, 0x57,
    0x8b, 0x7d, 0x0c, 0x0f, 0xb7, 0x07, 0x83, 0xf8,
    0x0d, 0x77, 0x49, 0x0f, 0xb6, 0x80, 0x58, 0x96,
    0x4e, 0x00, 0xff, 0x24, 0x85, 0x40, 0x96, 0x4e,
    0x00, 0xa0, 0xbe, 0x47, 0x93, 0x00,
};
const RelocSlot kRelChatTextboxEventProc[] = {
    {22, 0x004e9658},
    {29, 0x004e9640},
    {34, 0x009347be},
};

const uint8_t kSigToggleChatComposeOrSubmit[] = {
    0x55, 0x8b, 0xec, 0x81, 0xec, 0x0c, 0x01, 0x00,
    0x00, 0xa1, 0xc0, 0xd6, 0x90, 0x00, 0x33, 0xc5,
    0x89, 0x45, 0xfc, 0x56, 0x8b, 0x75, 0x08, 0x57,
    0x6a, 0x06, 0x56, 0xe8, 0xd0, 0x8d, 0xfb, 0xff,
    0x83, 0xc4, 0x08, 0x8b, 0xf8, 0x80, 0x3d, 0xbe,
    0x47, 0x93, 0x00, 0x00,
};
const RelocSlot kRelToggleChatComposeOrSubmit[] = {
    {10, 0x0090d6c0},
    {39, 0x009347be},
};

const uint8_t kSigMinimapTerrainKeyProc[] = {
    0x55, 0x8b, 0xec, 0x8b, 0x4d, 0x0c, 0x8b, 0x55,
    0x08, 0x0f, 0xb7, 0x01, 0x83, 0xf8, 0x0b, 0x77,
    0x1c, 0x0f, 0xb6, 0x80, 0x70, 0x97, 0x4e, 0x00,
    0xff, 0x24, 0x85, 0x60, 0x97, 0x4e, 0x00, 0x0f,
    0xb7, 0x41, 0x02, 0x66, 0x85, 0xc0, 0x74, 0x11,
    0x83, 0xf8, 0x05, 0x74, 0x3f, 0x89, 0x4d, 0x0c,
    0x89, 0x55, 0x08, 0x5d, 0xe9, 0x57, 0x8d, 0xfb,
    0xff, 0x81, 0x4a, 0x18, 0x00, 0x20, 0x00, 0x00,
    0x89, 0x4d, 0x0c, 0x89, 0x55, 0x08, 0x5d, 0xe9,
    0x44, 0x8d, 0xfb, 0xff, 0x80, 0x79, 0x0c, 0x0f,
    0x75, 0x1a, 0x80, 0x3d, 0x48, 0x26, 0x92, 0x00,
    0x00, 0x0f, 0x94, 0x05, 0x48, 0x26, 0x92, 0x00,
};
const RelocSlot kRelMinimapTerrainKeyProc[] = {
    {20, 0x004e9770},
    {27, 0x004e9760},
    {84, 0x00922648},
    {92, 0x00922648},
};

const uint8_t kSigSendComposedChatToRecipients[] = {
    0x55, 0x8b, 0xec, 0xe8, 0xb8, 0x3a, 0xfb, 0xff,
    0x85, 0xc0, 0x75, 0x06, 0x5d, 0xe9, 0x9e, 0x6f,
    0x00, 0x00, 0x0f, 0xb6, 0x05, 0xbe, 0x47, 0x93,
    0x00, 0x53, 0x8a, 0x1d, 0xe9, 0x8b, 0x91, 0x00,
    0x83, 0xe8, 0x02, 0x74, 0x1e, 0x83, 0xe8, 0x01,
    0x75, 0x2a,
};
const RelocSlot kRelSendComposedChatToRecipients[] = {
    {21, 0x009347be},
    {28, 0x00918be9},
};

const uint8_t kSigWriteChatPromptLine[] = {
    0x55, 0x8b, 0xec, 0x81, 0xec, 0xd0, 0x00, 0x00,
    0x00, 0xa1, 0xc0, 0xd6, 0x90, 0x00, 0x33, 0xc5,
    0x89, 0x45, 0xfc, 0x0f, 0xb6, 0x05, 0x98, 0x17,
    0x9b, 0x00, 0x85, 0xc0, 0x74, 0x02, 0xeb, 0x14,
    0x68, 0x3c, 0xc3, 0x85, 0x00, 0x6a, 0x73, 0x68,
    0x60, 0xc3, 0x85, 0x00,
};
const RelocSlot kRelWriteChatPromptLine[] = {
    {10, 0x0090d6c0},
    {22, 0x009b1798},
    {33, 0x0085c33c},
    {40, 0x0085c360},
};

const uint8_t kSigLocalPlayerAndAllianceMatrix[] = {
    0x0f, 0xb6, 0x15, 0xcd, 0x8c, 0x91, 0x00, 0x32,
    0xc0, 0x8b, 0xca, 0xa2, 0xe9, 0x8b, 0x91, 0x00,
    0xc1, 0xe1, 0x04, 0x53, 0x32, 0xdb, 0x38, 0x81,
    0x78, 0x95, 0x91, 0x00,
};
const RelocSlot kRelLocalPlayerAndAllianceMatrix[] = {
    {3, 0x00918ccd},
    {12, 0x00918be9},
    {24, 0x00919578},
};

const uint8_t kSigPlayerOwnerTable[] = {
    0xbf, 0x01, 0x00, 0x00, 0x00, 0xbb, 0x64, 0x62,
    0x91, 0x00, 0x85, 0xcf, 0x74, 0x1e, 0x80, 0xb8,
    0xac, 0x8c, 0x91, 0x00, 0x00, 0x75, 0x15,
};
const RelocSlot kRelPlayerOwnerTable[] = {
    {6, 0x00916264},
    {16, 0x00918cac},
};

const uint8_t kSigLobbyTeamsBecomeAlliances[] = {
    0x8b, 0x45, 0xf8, 0x3d, 0x9a, 0x63, 0x91, 0x00,
    0x0f, 0x8d, 0x84, 0x00, 0x00, 0x00, 0x83, 0xfe,
    0x08, 0x7d, 0x7f, 0x8a, 0x13, 0x8b, 0x7d, 0xfc,
    0x38, 0x10, 0x0f, 0x94, 0xc0, 0x88, 0x84, 0x3e,
    0x78, 0x95, 0x91, 0x00,
};
const RelocSlot kRelLobbyTeamsBecomeAlliances[] = {
    {4, 0x0091639a},
    {32, 0x00919578},
};

const uint8_t kSigNkWrappedLabelBody[] = {
    0x8b, 0x45, 0x08, 0x8b, 0x88, 0x28, 0x3d, 0x00,
    0x00, 0x89, 0x4d, 0xc4, 0x8b, 0x55, 0x08, 0x81,
    0xc2, 0xe0, 0x01, 0x00, 0x00, 0x89, 0x55, 0xcc,
    0x8b, 0x45, 0x08, 0x50, 0x8d, 0x4d, 0xec, 0x51,
    0xe8, 0x82, 0x2d, 0x02, 0x00, 0x83, 0xc4, 0x08,
    0x8b, 0x55, 0xcc, 0x8b, 0x42, 0x34, 0x8b, 0x4a,
    0x38, 0x89, 0x45, 0xbc, 0x89, 0x4d, 0xc0, 0xf3,
    0x0f, 0x10, 0x45, 0xbc, 0xf3, 0x0f, 0x11, 0x45,
    0xd0, 0xf3, 0x0f, 0x10, 0x45, 0xc0, 0xf3, 0x0f,
    0x11, 0x45, 0xd4, 0x8b, 0x55, 0xcc, 0x8b, 0x42,
    0x30, 0x89, 0x45, 0xe0, 0x8b, 0x4d, 0xcc, 0x8b,
    0x51, 0x3c, 0x8b, 0x41, 0x40, 0x89, 0x55, 0xe4,
    0x89, 0x45, 0xe8, 0x8b, 0x4d, 0xcc, 0x8b, 0x91,
    0xbc, 0x1d, 0x00, 0x00, 0x89, 0x55, 0xd8, 0x8b,
    0x45, 0xcc, 0x51, 0xf3, 0x0f, 0x10, 0x40, 0x44,
    0xf3, 0x0f, 0x11, 0x04, 0x24, 0x8b, 0x4d, 0x14,
    0x51, 0xe8, 0x21, 0xe3, 0x00, 0x00, 0x83, 0xc4,
    0x08, 0x89, 0x45, 0xc8, 0x8b, 0x55, 0xc8, 0x89,
    0x55, 0xdc,
};

const uint8_t kSigNkTextWrapLineLoop[] = {
    0x6a, 0x01, 0x68, 0xc4, 0xb9, 0x8c, 0x00, 0x8d,
    0x45, 0xb8, 0x50, 0x8d, 0x4d, 0xbc, 0x51, 0x51,
    0xf3, 0x0f, 0x10, 0x45, 0xf4, 0xf3, 0x0f, 0x11,
    0x04, 0x24, 0x8b, 0x55, 0x20, 0x52, 0x8b, 0x45,
    0x1c, 0x50, 0x8b, 0x4d, 0x28, 0x51, 0xe8, 0xbe,
    0x83, 0xff, 0xff, 0x83, 0xc4, 0x20, 0x89, 0x45,
    0xc8, 0x8b, 0x55, 0xcc, 0x3b, 0x55, 0x20, 0x0f,
    0x8d, 0xc8, 0x00, 0x00, 0x00, 0x83, 0x7d, 0xc8,
    0x00, 0x74, 0x19, 0xf3, 0x0f, 0x10, 0x45, 0xf0,
    0xf3, 0x0f, 0x58, 0x45, 0xf8, 0xf3, 0x0f, 0x10,
    0x4d, 0x10, 0xf3, 0x0f, 0x58, 0x4d, 0x18, 0x0f,
    0x2f, 0xc1, 0x76, 0x05, 0xe9, 0xa4, 0x00, 0x00,
    0x00, 0x8b, 0x45, 0x28, 0x50, 0x6a, 0x11, 0x8d,
    0x4d, 0xd0, 0x51, 0x8b, 0x55, 0xc8, 0x52, 0x8b,
    0x45, 0x1c, 0x03, 0x45, 0xcc, 0x50, 0x83, 0xec,
    0x10, 0x8b, 0xcc, 0x8b, 0x55, 0xec, 0x89, 0x11,
    0x8b, 0x45, 0xf0, 0x89, 0x41, 0x04, 0x8b, 0x55,
    0xf4, 0x89, 0x51, 0x08, 0x8b, 0x45, 0xf8, 0x89,
    0x41, 0x0c, 0x8b, 0x4d, 0x08, 0x51, 0xe8, 0x1e,
    0xf9, 0xff, 0xff, 0x83, 0xc4, 0x28,
};
const RelocSlot kRelNkTextWrapLineLoop[] = {
    {3, 0x008cb9c4},
};

const uint8_t kSigRebuildMouseCursors[] = {
    0x55, 0x8b, 0xec, 0x6a, 0xff, 0x68, 0x56, 0xf6,
    0x81, 0x00, 0x64, 0xa1, 0x00, 0x00, 0x00, 0x00,
    0x50, 0x81, 0xec, 0xcc, 0x00, 0x00, 0x00, 0xa1,
    0xc0, 0xd6, 0x90, 0x00, 0x33, 0xc5, 0x89, 0x45,
};
const RelocSlot kRelRebuildMouseCursors[] = {
    {6, 0x0081f656},
    {24, 0x0090d6c0},
};

const uint8_t kSigApplyGridKeysSetting[] = {
    0x55, 0x8b, 0xec, 0x80, 0x7d, 0x08, 0x00, 0xa1,
    0x50, 0x43, 0x93, 0x00, 0x0f, 0x45, 0x05, 0x54,
    0x43, 0x93, 0x00, 0xa3, 0x4c, 0x43, 0x93, 0x00,
    0x5d, 0xc3,
};
const RelocSlot kRelApplyGridKeysSetting[] = {
    {8, 0x00934350},
    {15, 0x00934354},
    {20, 0x0093434c},
};

const uint8_t kSigApplyUiScaleSetting[] = {
    0x55, 0x8b, 0xec, 0x83, 0xec, 0x08, 0xb9, 0xf0,
    0x60, 0x96, 0x00, 0xe8, 0x80, 0xd6, 0xfe, 0xff,
    0x89, 0x45, 0xfc, 0x8b, 0x45, 0x0c, 0x50, 0x8b,
    0x4d, 0x08, 0x51, 0x8b, 0x4d, 0xfc,
};
const RelocSlot kRelApplyUiScaleSetting[] = {
    {7, 0x009660f0},
};

const uint8_t kSigApplyUiAspectSetting[] = {
    0x55, 0x8b, 0xec, 0x83, 0xec, 0x08, 0xb9, 0xf0,
    0x60, 0x96, 0x00, 0xe8, 0x30, 0xd6, 0xfe, 0xff,
    0x8b, 0xc8, 0xe8, 0x19, 0x31, 0x05, 0x00, 0x89,
    0x45, 0xfc, 0x0f, 0xb6, 0x45, 0x08,
};
const RelocSlot kRelApplyUiAspectSetting[] = {
    {7, 0x009660f0},
};

const uint8_t kSigApplyDisplayModeSetting[] = {
    0x55, 0x8b, 0xec, 0x83, 0xec, 0x20, 0xe8, 0xb5,
    0x2e, 0x0d, 0x00, 0x83, 0xe8, 0x01, 0x89, 0x45,
    0xf0, 0x8d, 0x45, 0xf0, 0x50, 0x8d, 0x4d, 0x0c,
    0x51, 0xe8, 0x52, 0x23, 0x05, 0x00,
};

const uint8_t kSigNkComboBeginLabel[] = {
    0x55, 0x8b, 0xec, 0x8b, 0x45, 0x18, 0x50, 0x8b,
    0x4d, 0x14, 0x51, 0x8b, 0x55, 0x10, 0x52, 0x8b,
    0x45, 0x0c, 0x50, 0xe8, 0x68, 0x8c, 0x00, 0x00,
    0x83, 0xc4, 0x04, 0x50, 0x8b, 0x4d, 0x0c, 0x51,
};

const uint8_t kSigNkComboItemLabel[] = {
    0x55, 0x8b, 0xec, 0x8b, 0x45, 0x10, 0x50, 0x8b,
    0x4d, 0x0c, 0x51, 0x8b, 0x55, 0x08, 0x52, 0xe8,
    0x3c, 0xee, 0xff, 0xff, 0x83, 0xc4, 0x0c, 0x5d,
    0xc3,
};

const uint8_t kSigNkComboClose[] = {
    0x55, 0x8b, 0xec, 0x8b, 0x45, 0x08, 0x50, 0xe8,
    0x94, 0xf0, 0xff, 0xff, 0x83, 0xc4, 0x04, 0x5d,
    0xc3,
};

const uint8_t kSigNkComboEnd[] = {
    0x55, 0x8b, 0xec, 0x8b, 0x45, 0x08, 0x50, 0xe8,
    0xb4, 0xf0, 0xff, 0xff, 0x83, 0xc4, 0x04, 0x5d,
    0xc3,
};

const uint8_t kSigGetDisplayCount[] = {
    0x55, 0x8b, 0xec, 0x83, 0x3d, 0x38, 0x33, 0x9b,
    0x00, 0x00, 0x75, 0x09, 0xe8, 0x0f, 0x79, 0x00,
    0x00, 0x33, 0xc0, 0xeb, 0x0b, 0xa1, 0x38, 0x33,
    0x9b, 0x00, 0x8b, 0x80, 0x88, 0x01, 0x00, 0x00,
};
const RelocSlot kRelGetDisplayCount[] = {
    {5, 0x009b3338},
    {22, 0x009b3338},
};

const uint8_t kSigNuiBeginNamedGroup[] = {
    0x55, 0x8b, 0xec, 0x8b, 0x45, 0x10, 0x50, 0x8b,
    0x4d, 0x0c, 0x51, 0x8b, 0x55, 0x0c, 0x52, 0x8b,
    0x45, 0x08, 0x50, 0xe8, 0x08, 0x00, 0x00, 0x00,
    0x83, 0xc4, 0x10, 0x5d, 0xc3,
};

const uint8_t kSigNuiLayoutRowDynamic[] = {
    0x55, 0x8b, 0xec, 0x6a, 0x00, 0x8b, 0x45, 0x10,
    0x50, 0x51, 0xf3, 0x0f, 0x10, 0x45, 0x0c, 0xf3,
    0x0f, 0x11, 0x04, 0x24, 0x6a, 0x00, 0x8b, 0x4d,
    0x08, 0x51, 0xe8, 0x21, 0x58, 0x02, 0x00, 0x83,
    0xc4, 0x14,
};

const uint8_t kSigNuiScrollNamedGroupTo[] = {
    0x55, 0x8b, 0xec, 0x83, 0xec, 0x14, 0x83, 0x7d,
    0x08, 0x00, 0x74, 0x24, 0x8b, 0x45, 0x08, 0x83,
    0xb8, 0x28, 0x3d, 0x00, 0x00, 0x00, 0x74, 0x18,
    0x8b, 0x4d, 0x08, 0x8b, 0x91, 0x28, 0x3d, 0x00,
    0x00, 0x83, 0xba, 0x8c, 0x00, 0x00, 0x00, 0x00,
    0x74, 0x06, 0x83, 0x7d, 0x0c, 0x00, 0x75, 0x05,
};

const uint8_t kSigNkLayoutSpaceBegin[] = {
    0x55, 0x8b, 0xec, 0x83, 0xec, 0x08, 0x83, 0x7d,
    0x08, 0x00, 0x74, 0x1e, 0x8b, 0x45, 0x08, 0x83,
    0xb8, 0x28, 0x3d, 0x00, 0x00, 0x00, 0x74, 0x12,
    0x8b, 0x4d, 0x08, 0x8b, 0x91, 0x28, 0x3d, 0x00,
    0x00, 0x83, 0xba, 0x8c, 0x00, 0x00, 0x00, 0x00,
    0x75, 0x05, 0xe9, 0x84, 0x00, 0x00, 0x00, 0x8b,
};

const uint8_t kSigNkLayoutSpaceEnd[] = {
    0x55, 0x8b, 0xec, 0x83, 0xec, 0x08, 0x83, 0x7d,
    0x08, 0x00, 0x74, 0x1e, 0x8b, 0x45, 0x08, 0x83,
    0xb8, 0x28, 0x3d, 0x00, 0x00, 0x00, 0x74, 0x12,
    0x8b, 0x4d, 0x08, 0x8b, 0x91, 0x28, 0x3d, 0x00,
    0x00, 0x83, 0xba, 0x8c, 0x00, 0x00, 0x00, 0x00,
    0x75, 0x02, 0xeb, 0x53, 0x8b, 0x45, 0x08, 0x8b,
};

const uint8_t kSigGroupEnd[] = {
    0x55, 0x8b, 0xec, 0x8b, 0x45, 0x08, 0x50, 0xe8,
    0xe4, 0x02, 0x00, 0x00, 0x83, 0xc4, 0x04, 0x5d,
    0xc3,
};

const uint8_t kSigExpireMapMessageIfDue[] = {
    0x55, 0x8b, 0xec, 0x8b, 0x45, 0x08, 0x8b, 0x88,
    0xc8, 0x00, 0x00, 0x00, 0x3b, 0x4d, 0x0c, 0x76,
    0x02, 0xeb, 0x0c, 0x8b, 0x55, 0x08, 0x52, 0xe8,
    0x64, 0xff, 0xff, 0xff, 0x83, 0xc4, 0x04,
};

const uint8_t kSigGetMapMessageClockMs[] = {
    0x55, 0x8b, 0xec, 0xe8, 0xa8, 0xa4, 0x05, 0x00,
    0x5d, 0xc3,
};

const uint8_t kSigNkScrollbarSize[] = {
    0x8b, 0x8d, 0x60, 0xfe, 0xff, 0xff, 0x8b, 0x51,
    0x04, 0x83, 0xe2, 0x20, 0x75, 0x36, 0x8b, 0x45,
    0x08, 0xf3, 0x0f, 0x10, 0x85, 0xb8, 0xfe, 0xff,
    0xff, 0xf3, 0x0f, 0x58, 0x80, 0x08, 0x20, 0x00,
    0x00, 0xf3, 0x0f, 0x11, 0x85, 0xb8, 0xfe, 0xff,
    0xff, 0x8b, 0x4d, 0x08, 0xf3, 0x0f, 0x10, 0x85,
    0xbc, 0xfe, 0xff, 0xff, 0xf3, 0x0f, 0x58, 0x81,
    0x0c, 0x20, 0x00, 0x00, 0xf3, 0x0f, 0x11, 0x85,
    0xbc, 0xfe, 0xff, 0xff,
};

const uint8_t kSigNkStyleScrollv[] = {
    0x8b, 0x4d, 0x08, 0x81, 0xc1, 0x48, 0x16, 0x00,
    0x00, 0x51, 0x51, 0xf3, 0x0f, 0x10, 0x45, 0x8c,
    0xf3, 0x0f, 0x11, 0x04, 0x24, 0x51, 0xf3, 0x0f,
    0x10, 0x45, 0x88, 0xf3, 0x0f, 0x11, 0x04, 0x24,
};

const uint8_t kSigNkStyleScrollh[] = {
    0x52, 0x8b, 0x45, 0x08, 0x05, 0xd0, 0x13, 0x00,
    0x00, 0x50, 0x51, 0xf3, 0x0f, 0x10, 0x45, 0x8c,
    0xf3, 0x0f, 0x11, 0x04, 0x24, 0x51, 0xf3, 0x0f,
    0x10, 0x45, 0x88, 0xf3, 0x0f, 0x11, 0x04, 0x24,
};

const uint8_t kSigNkDrawScrollbar[] = {
    0x55, 0x8b, 0xec, 0x83, 0xec, 0x10, 0x8b, 0x45,
    0x0c, 0x83, 0xe0, 0x20, 0x74, 0x17, 0x8b, 0x4d,
    0x10, 0x83, 0xc1, 0x40, 0x89, 0x4d, 0xfc, 0x8b,
    0x55, 0x10, 0x81, 0xc2, 0xa4, 0x00, 0x00, 0x00,
    0x89, 0x55, 0xf8, 0xeb, 0x2e, 0x8b, 0x45, 0x0c,
    0x83, 0xe0, 0x10, 0x74, 0x17, 0x8b, 0x4d, 0x10,
    0x83, 0xc1, 0x20, 0x89, 0x4d, 0xfc, 0x8b, 0x55,
    0x10, 0x81, 0xc2, 0x84, 0x00, 0x00, 0x00, 0x89,
    0x55, 0xf8, 0xeb, 0x0f, 0x8b, 0x45, 0x10, 0x89,
    0x45, 0xfc, 0x8b, 0x4d, 0x10, 0x83, 0xc1, 0x64,
    0x89, 0x4d, 0xf8, 0x8b, 0x55, 0xfc, 0x8b, 0x02,
    0x89, 0x45, 0xf4, 0x83, 0x7d, 0xf4, 0x00, 0x0f,
    0x84, 0x8b, 0x00, 0x00, 0x00, 0x83, 0x7d, 0xf4,
    0x01, 0x74, 0x0b, 0x83, 0x7d, 0xf4, 0x02, 0x74,
};

const uint8_t kSigDrawMenuButton[] = {
    0x55, 0x8b, 0xec, 0xff, 0x75, 0x0c, 0xff, 0x75,
    0x08, 0xe8, 0xb2, 0xa0, 0x06, 0x00, 0x83, 0xc4,
    0x08, 0x85, 0xc0, 0x74, 0x09, 0xe8, 0xc6, 0x42,
    0xfb, 0xff, 0xb0, 0x01, 0x5d, 0xc3, 0x32, 0xc0,
    0x5d, 0xc3, 0xcc, 0xcc, 0xcc, 0xcc, 0xcc, 0xcc,
};

const uint8_t kSigLookupLocalizedString[] = {
    0x55, 0x8b, 0xec, 0x83, 0xec, 0x1c, 0x56, 0x68,
    0x30, 0x4d, 0x96, 0x00, 0x8d, 0x45, 0xfc, 0x50,
    0xb9, 0xf8, 0x4c, 0x96, 0x00, 0xe8, 0xc6, 0x36,
    0x00, 0x00, 0x8d, 0x4d, 0xec, 0x51, 0xb9, 0xf8,
};
const RelocSlot kRelLookupLocalizedString[] = {
    {8, 0x00964d30},
    {17, 0x00964cf8},
};

const uint8_t kSigSettingsSlider[] = {
    0x55, 0x8b, 0xec, 0x56, 0x8b, 0x75, 0x08, 0x8b,
    0x06, 0x89, 0x45, 0x08, 0x8b, 0x45, 0x14, 0xff,
    0x30, 0x8b, 0x45, 0x10, 0xff, 0x30, 0x8d, 0x45,
    0x08, 0x50, 0x8b, 0x45, 0x0c, 0xff, 0x30, 0xff,
    0x35, 0x70, 0x51, 0x96, 0x00, 0xe8, 0x46, 0xb0,
};
const RelocSlot kRelSettingsSlider[] = {
    {33, 0x00965170},
};

const uint8_t kSigSettingsCheckbox[] = {
    0x55, 0x8b, 0xec, 0x56, 0x8b, 0x75, 0x0c, 0xff,
    0x75, 0x10, 0x8b, 0x06, 0x89, 0x45, 0x0c, 0x8d,
    0x45, 0x0c, 0x50, 0xff, 0x75, 0x08, 0xff, 0x35,
    0x70, 0x51, 0x96, 0x00, 0xe8, 0xcf, 0xa4, 0x06,
    0x00, 0x8b, 0x4d, 0x0c, 0x83, 0xc4, 0x10, 0x85,
};
const RelocSlot kRelSettingsCheckbox[] = {
    {24, 0x00965170},
};

const uint8_t kSigNuiDrawLabelWidget[] = {
    0x55, 0x8b, 0xec, 0x8b, 0x45, 0x10, 0x50, 0x8b,
    0x4d, 0x0c, 0x51, 0xe8, 0x90, 0x12, 0x01, 0x00,
    0x83, 0xc4, 0x04, 0x50, 0x8b, 0x55, 0x0c, 0x52,
    0x8b, 0x45, 0x08, 0x50, 0xe8, 0x3f, 0xfd, 0xff,
};

const uint8_t kSigPersistSettingsIni[] = {
    0x55, 0x8b, 0xec, 0xe8, 0xa8, 0x08, 0x00, 0x00,
    0x5d, 0xc3,
};

const uint8_t kSigIniSettingsTable[] = {
    0x01, 0x00, 0x00, 0x00, 0x44, 0xfb, 0x84, 0x00,
    0x00, 0x00, 0x00, 0x00, 0x08, 0x00, 0x00, 0x00,
    0x06, 0x00, 0x00, 0x00, 0xa8, 0x4c, 0x96, 0x00,
    0x01, 0x00, 0x00, 0x00, 0x4c, 0xfb, 0x84, 0x00,
    0x00, 0x00, 0x00, 0x00, 0x06, 0x00, 0x00, 0x00,
    0x04, 0x00, 0x00, 0x00, 0xac, 0x4c, 0x96, 0x00,
    0x01, 0x00, 0x00, 0x00, 0x54, 0xfb, 0x84, 0x00,
    0x00, 0x00, 0x00, 0x00, 0x06, 0x00, 0x00, 0x00,
    0x04, 0x00, 0x00, 0x00, 0xb0, 0x4c, 0x96, 0x00,
};
const RelocSlot kRelIniSettingsTable[] = {
    {4, 0x0084fb44},
    {20, 0x00964ca8},
    {28, 0x0084fb4c},
    {44, 0x00964cac},
    {52, 0x0084fb54},
    {68, 0x00964cb0},
};

const uint8_t kSigApplyMusicVolume[] = {
    0x55, 0x8b, 0xec, 0x83, 0x3d, 0x7c, 0x9b, 0x93,
    0x00, 0x00, 0x0f, 0x84, 0xd8, 0x00, 0x00, 0x00,
    0x8b, 0x45, 0x08, 0x8b, 0x48, 0x0c, 0x85, 0xc9,
    0x74, 0x7c, 0x8b, 0x0c, 0x8d, 0xc4, 0x1a, 0x84,
    0x00, 0x2b, 0x0d, 0x90, 0x9b, 0x93, 0x00,
};
const RelocSlot kRelApplyMusicVolume[] = {
    {5, 0x00939b7c},
    {29, 0x00841ac4},
    {35, 0x00939b90},
};

const uint8_t kSigRestartMusicTrack[] = {
    0xa1, 0x98, 0x9b, 0x93, 0x00, 0x56, 0x8b, 0x35,
    0xd4, 0x8d, 0x8c, 0x00, 0x85, 0xc0, 0x74, 0x1b,
    0x50, 0xe8, 0x3a, 0x88, 0x05, 0x00, 0xff, 0x35,
    0x98, 0x9b, 0x93, 0x00, 0xe8, 0x9f, 0x82, 0x05,
};
const RelocSlot kRelRestartMusicTrack[] = {
    {1, 0x00939b98},
    {8, 0x008c8dd4},
    {24, 0x00939b98},
};

const uint8_t kSigApplyGameSpeed[] = {
    0x55, 0x8b, 0xec, 0x80, 0x7d, 0x0c, 0x00, 0x74,
    0x15, 0x80, 0x3d, 0x5b, 0x2f, 0x92, 0x00, 0x00,
    0x74, 0x0c, 0xa1, 0xa8, 0x4c, 0x96, 0x00, 0xa3,
    0x64, 0x1e, 0x8c, 0x00, 0xeb, 0x0a, 0xc7, 0x05,
};
const RelocSlot kRelApplyGameSpeed[] = {
    {11, 0x00922f5b},
    {19, 0x00964ca8},
    {24, 0x008c1e64},
};

const uint8_t kSigTabContentFrameSkin[] = {
    0xff, 0x35, 0x5c, 0xdd, 0x95, 0x00, 0xf3, 0x0f,
    0x5c, 0xc8, 0xf3, 0x0f, 0x11, 0x8d, 0x3c, 0xff,
    0xff, 0xff,
};
const RelocSlot kRelTabContentFrameSkin[] = {
    {2, 0x0095dd5c},
};

const uint8_t kSigBuildOptionsMenuScreen[] = {
    0x55, 0x8b, 0xec, 0x6a, 0xff, 0x68, 0xbd, 0x78,
    0x82, 0x00, 0x64, 0xa1, 0x00, 0x00, 0x00, 0x00,
    0x50, 0x83, 0xec, 0x2c, 0x56, 0xa1, 0xc0, 0xd6,
    0x90, 0x00, 0x33, 0xc5, 0x50, 0x8d, 0x45, 0xf4,
};
const RelocSlot kRelBuildOptionsMenuScreen[] = {
    {6, 0x008278bd},
    {22, 0x0090d6c0},
};

const uint8_t kSigNuiBeginNamedWindow[] = {
    0x55, 0x8b, 0xec, 0x8b, 0x45, 0x20, 0x50, 0x83,
    0xec, 0x10, 0x8b, 0xcc, 0x8b, 0x55, 0x10, 0x89,
    0x11, 0x8b, 0x45, 0x14, 0x89, 0x41, 0x04, 0x8b,
    0x55, 0x18, 0x89, 0x51, 0x08, 0x8b, 0x45, 0x1c,
};

const uint8_t kSigNuiEndCurrentWindow[] = {
    0x55, 0x8b, 0xec, 0x51, 0x83, 0x7d, 0x08, 0x00,
    0x74, 0x0c, 0x8b, 0x45, 0x08, 0x83, 0xb8, 0x28,
    0x3d, 0x00, 0x00, 0x00, 0x75, 0x02, 0xeb, 0x78,
};

const uint8_t kSigGetUiSpaceWidth[] = {
    0x55, 0x8b, 0xec, 0x51, 0xe8, 0x27, 0xa9, 0x05,
    0x00, 0xdb, 0x40, 0x0c, 0xd9, 0x5d, 0xfc, 0xd9,
    0x45, 0xfc, 0x8b, 0xe5, 0x5d, 0xc3, 0xcc, 0xcc,
};

const uint8_t kSigTextEditCallSite[] = {
    0x68, 0x30, 0x32, 0x5c, 0x00, 0x56, 0x50, 0x68,
    0x60, 0x02, 0x00, 0x00, 0xff, 0x35, 0x70, 0x51,
    0x96, 0x00, 0xe8, 0xeb, 0x99, 0x00, 0x00,
};
const RelocSlot kRelTextEditCallSite[] = {
    {1, 0x005c3230},
    {14, 0x00965170},
};

const uint8_t kSigDisabledButtonIdiom[] = {
    0xff, 0x35, 0x70, 0x51, 0x96, 0x00, 0xe8, 0xd6,
    0x2c, 0x07, 0x00, 0x68, 0xa0, 0x72, 0x84, 0x00,
    0xe8, 0x5c, 0xf3, 0x04, 0x00, 0x50, 0xff, 0x35,
    0x70, 0x51, 0x96, 0x00, 0xe8, 0x00, 0x9c, 0x00,
    0x00, 0xff, 0x35, 0x70, 0x51, 0x96, 0x00, 0xe8,
    0x25, 0x30, 0x07, 0x00,
};
const RelocSlot kRelDisabledButtonIdiom[] = {
    {2, 0x00965170},
    {12, 0x008472a0},
    {24, 0x00965170},
    {35, 0x00965170},
};

const uint8_t kSigOptionsSkinSelect[] = {
    0x80, 0x3d, 0xc8, 0x03, 0x8c, 0x00, 0x01, 0x8b,
    0x15, 0x34, 0xdd, 0x95, 0x00, 0x8b, 0x0d, 0x84,
    0xdd, 0x95, 0x00, 0x0f, 0x44, 0x0d, 0x88, 0xdd,
    0x95, 0x00, 0x0f, 0x44, 0x15, 0x38, 0xdd, 0x95,
    0x00, 0x85, 0xf6, 0x68, 0x10, 0x53, 0x96, 0x00,
    0x0f, 0x44, 0xca, 0x51, 0x8d, 0x4d, 0xe8, 0x0f,
    0x11, 0x45, 0xd8, 0xe8, 0x8b, 0x2a, 0x0b, 0x00,
};
const RelocSlot kRelOptionsSkinSelect[] = {
    {2, 0x008c03c8},
    {9, 0x0095dd34},
    {15, 0x0095dd84},
    {22, 0x0095dd88},
    {29, 0x0095dd38},
    {36, 0x00965310},
};

const uint8_t kSigNUIScopedSkinCtor[] = {
    0x55, 0x8b, 0xec, 0x51, 0x89, 0x4d, 0xfc, 0x8b,
    0x45, 0xfc, 0xc7, 0x00, 0x50, 0xb9, 0x85, 0x00,
    0x8b, 0x4d, 0xfc, 0x8b, 0x55, 0x0c, 0x89, 0x51,
    0x04, 0x8b, 0x45, 0xfc, 0xc7, 0x40, 0x08, 0x00,
    0x00, 0x00, 0x00, 0x8b, 0x4d, 0x08, 0x51, 0x8b,
    0x4d, 0x0c, 0xe8, 0x91, 0x4d, 0xfa, 0xff,
};
const RelocSlot kRelNUIScopedSkinCtor[] = {
    {12, 0x0085b950},
};

const uint8_t kSigBrowserSkinPush[] = {
    0x68, 0x10, 0x53, 0x96, 0x00, 0xff, 0x35, 0x68,
    0xd6, 0x95, 0x00, 0x8d, 0x8d, 0xfc, 0xfc, 0xff,
    0xff, 0xd9, 0x9d, 0x5c, 0xfd, 0xff, 0xff, 0xe8,
    0x31, 0x99, 0x0b, 0x00,
};
const RelocSlot kRelBrowserSkinPush[] = {
    {1, 0x00965310},
    {7, 0x0095d668},
};

const uint8_t kSigNkDoScrollbarv[] = {
    0x55, 0x8b, 0xec, 0x81, 0xec, 0x90, 0x00, 0x00,
    0x00, 0xa1, 0xc0, 0xd6, 0x90, 0x00, 0x33, 0xc5,
    0x89, 0x45, 0xfc, 0x83, 0x7d, 0x0c, 0x00, 0x74,
    0x06, 0x83, 0x7d, 0x34, 0x00, 0x75, 0x07, 0xd9,
};
const RelocSlot kRelNkDoScrollbarv[] = {
    {10, 0x0090d6c0},
};

const uint8_t kSigOptionsHeaderBanner[] = {
    0x55, 0x8b, 0xec, 0x83, 0xec, 0x28, 0xa1, 0xc0,
    0xd6, 0x90, 0x00, 0x33, 0xc5, 0x89, 0x45, 0xfc,
    0xe8, 0x6b, 0x1e, 0x00, 0x00, 0xff, 0x35, 0x64,
    0xe3, 0x95, 0x00, 0xb9, 0x60, 0x61, 0x96, 0x00,
};
const RelocSlot kRelOptionsHeaderBanner[] = {
    {7, 0x0090d6c0},
    {23, 0x0095e364},
    {28, 0x00966160},
};

const uint8_t kSigRadioOverByte[] = {
    0x55, 0x8b, 0xec, 0x56, 0x8b, 0x75, 0x0c, 0x0f,
    0xb6, 0x06, 0x89, 0x45, 0x0c, 0x8d, 0x45, 0x0c,
    0x50, 0xff, 0x75, 0x08, 0xff, 0x35, 0x70, 0x51,
    0x96, 0x00, 0xe8, 0x01, 0xa4, 0x06, 0x00, 0x8a,
};
const RelocSlot kRelRadioOverByte[] = {
    {22, 0x00965170},
};

const uint8_t kSigCustomScenarioScreenSkin[] = {
    0x68, 0x10, 0x53, 0x96, 0x00, 0xff, 0x35, 0x88,
    0xc4, 0x95, 0x00, 0x0f, 0x11, 0x45, 0x98, 0x0f,
    0x11, 0x85, 0x64, 0xff, 0xff, 0xff, 0xe8, 0xee,
    0xd6, 0x0c,
};
const RelocSlot kRelCustomScenarioScreenSkin[] = {
    {1, 0x00965310},
    {7, 0x0095c488},
};

const uint8_t kSigCustomScenarioTypeDropdown[] = {
    0xc7, 0x04, 0x24, 0x00, 0x00, 0xf0, 0x42, 0x68,
    0xa7, 0xc5, 0x95, 0x00, 0x68, 0x04, 0xc5, 0x95,
    0x00, 0x68, 0x98, 0x9d, 0x8c, 0x00, 0x68, 0x20,
    0x9e, 0x83, 0x00, 0xe8, 0xa7, 0xd5, 0x01, 0x00,
};
const RelocSlot kRelCustomScenarioTypeDropdown[] = {
    {8, 0x0095c5a7},
    {13, 0x0095c504},
    {18, 0x008c9d98},
    {23, 0x00839e20},
};

const uint8_t kSigCustomScenarioBuiltinRebuild[] = {
    0xa3, 0x9c, 0xc5, 0x95, 0x00, 0x85, 0xc0, 0x75,
    0x1f, 0x50, 0x68, 0x13, 0x6c, 0x83, 0x00, 0xb9,
    0xf0, 0x9c, 0x8c, 0x00, 0xe8, 0xa8, 0xa6, 0xff,
    0xff, 0x68, 0x70, 0xc5, 0x95, 0x00, 0xe8, 0xbe,
    0x39, 0xf9, 0xff, 0x83, 0xc4, 0x04,
};
const RelocSlot kRelCustomScenarioBuiltinRebuild[] = {
    {1, 0x0095c59c},
    {11, 0x00836c13},
    {16, 0x008c9cf0},
    {26, 0x0095c570},
};

const uint8_t kSigCustomScenarioFolderRebuild[] = {
    0x68, 0x08, 0x9d, 0x8c, 0x00, 0x68, 0x7c, 0xc5,
    0x95, 0x00, 0x68, 0x70, 0xc5, 0x95, 0x00, 0xe8,
    0x9e, 0x39, 0xf9, 0xff, 0x83, 0xc4, 0x0c,
};
const RelocSlot kRelCustomScenarioFolderRebuild[] = {
    {1, 0x008c9d08},
    {6, 0x0095c57c},
    {11, 0x0095c570},
};

const uint8_t kSigCustomScenarioMapsizeDropdown[] = {
    0xc7, 0x04, 0x24, 0x00, 0x00, 0xf0, 0x42, 0x68,
    0xa8, 0xc5, 0x95, 0x00, 0x68, 0x28, 0xc5, 0x95,
    0x00, 0x68, 0xb0, 0x9d, 0x8c, 0x00, 0x68, 0x6c,
    0x55, 0x84, 0x00, 0xe8, 0x48, 0xd4, 0x01, 0x00,
};
const RelocSlot kRelCustomScenarioMapsizeDropdown[] = {
    {8, 0x0095c5a8},
    {13, 0x0095c528},
    {18, 0x008c9db0},
    {23, 0x0084556c},
};

const uint8_t kSigCustomScenarioFontPush[] = {
    0x68, 0x10, 0x53, 0x96, 0x00, 0xff, 0x35, 0xd4,
    0xc4, 0x95, 0x00, 0xe8, 0xd2, 0xd4, 0x0c, 0x00,
};
const RelocSlot kRelCustomScenarioFontPush[] = {
    {1, 0x00965310},
    {7, 0x0095c4d4},
};

const uint8_t kSigCustomScenarioFolderDropdown[] = {
    0xc7, 0x04, 0x24, 0x00, 0x00, 0xf0, 0x42, 0x68,
    0x99, 0xc5, 0x95, 0x00, 0x68, 0x7c, 0xc5, 0x95,
    0x00, 0x68, 0xf0, 0x9c, 0x8c, 0x00, 0x68, 0x74,
    0x55, 0x84, 0x00, 0xe8, 0x10, 0xd5, 0x01, 0x00,
};
const RelocSlot kRelCustomScenarioFolderDropdown[] = {
    {8, 0x0095c599},
    {13, 0x0095c57c},
    {18, 0x008c9cf0},
    {23, 0x00845574},
};

const uint8_t kSigCustomScenarioLeftFrameSkin[] = {
    0x68, 0x10, 0x53, 0x96, 0x00, 0xff, 0x35, 0x9c,
    0xc4, 0x95, 0x00, 0xe8, 0xd0, 0xd1, 0x0c, 0x00,
    0xf3,
};
const RelocSlot kRelCustomScenarioLeftFrameSkin[] = {
    {1, 0x00965310},
    {7, 0x0095c49c},
};

const uint8_t kSigCustomScenarioListButton[] = {
    0xa1, 0x70, 0xc5, 0x95, 0x00, 0x83, 0xc0, 0x08,
    0x03, 0xc6, 0x83, 0x78, 0x14, 0x0f, 0x76, 0x02,
    0x8b, 0x00, 0x50, 0xff, 0x35, 0x70, 0x51, 0x96,
    0x00, 0xe8, 0xcb, 0x6d, 0x08, 0x00, 0x83, 0xc4,
    0x08,
};
const RelocSlot kRelCustomScenarioListButton[] = {
    {1, 0x0095c570},
    {21, 0x00965170},
};

const uint8_t kSigCustomScenarioSelectEntry[] = {
    0xa1, 0x70, 0xc5, 0x95, 0x00, 0xb9, 0x88, 0x9c,
    0x8c, 0x00, 0x03, 0xc6, 0x50, 0xe8, 0xee, 0xf4,
    0xff, 0xff, 0xa1, 0x9c, 0xc5, 0x95, 0x00, 0xa3,
    0xa0, 0xc5, 0x95, 0x00, 0x85, 0xc0, 0x75, 0x0a,
    0xe8, 0xeb, 0xf5, 0xff, 0xff, 0xe9, 0x89, 0x00,
    0x00, 0x00,
};
const RelocSlot kRelCustomScenarioSelectEntry[] = {
    {1, 0x0095c570},
    {6, 0x008c9c88},
    {19, 0x0095c59c},
    {24, 0x0095c5a0},
};

const uint8_t kSigCustomScenarioPublishMap[] = {
    0x83, 0x3d, 0xbc, 0x9c, 0x8c, 0x00, 0x0f, 0xb8,
    0xa8, 0x9c, 0x8c, 0x00, 0x0f, 0x47, 0x05, 0xa8,
    0x9c, 0x8c, 0x00, 0x50, 0xe8, 0x7d, 0x36, 0xf9,
    0xff, 0x83, 0xc4, 0x04, 0x84, 0xc0, 0x74, 0x69,
    0x68, 0xec, 0x00, 0x00, 0x00, 0x6a, 0x00, 0x68,
    0x50, 0xaf, 0x91, 0x00, 0xe8, 0x85, 0x29, 0x2c,
    0x00, 0x33, 0xc0, 0x83, 0x3d, 0xbc, 0x9c, 0x8c,
    0x00, 0x0f, 0x66, 0xa3, 0xe0, 0x90, 0x91, 0x00,
    0xb8, 0xa8, 0x9c, 0x8c, 0x00, 0x0f, 0x47, 0x05,
    0xa8, 0x9c, 0x8c, 0x00, 0x50, 0x68, 0x04, 0x01,
    0x00, 0x00, 0x68, 0xd0, 0x96, 0x91, 0x00, 0xe8,
    0x7a, 0x55, 0x2d, 0x00, 0x83, 0x3d, 0xa4, 0x9c,
    0x8c, 0x00, 0x0f, 0xb8, 0x90, 0x9c, 0x8c, 0x00,
    0xc6, 0x05, 0x50, 0xaf, 0x91, 0x00, 0x01, 0x0f,
    0x47, 0x05, 0x90, 0x9c, 0x8c, 0x00, 0x50, 0x68,
    0xdc, 0x00, 0x00, 0x00, 0x68, 0x60, 0xaf, 0x91,
    0x00, 0xe8, 0x50, 0x55, 0x2d, 0x00,
};
const RelocSlot kRelCustomScenarioPublishMap[] = {
    {2, 0x008c9cbc},
    {8, 0x008c9ca8},
    {15, 0x008c9ca8},
    {40, 0x0091af50},
    {53, 0x008c9cbc},
    {60, 0x009190e0},
    {65, 0x008c9ca8},
    {72, 0x008c9ca8},
    {83, 0x009196d0},
    {94, 0x008c9ca4},
    {100, 0x008c9c90},
    {106, 0x0091af50},
    {114, 0x008c9c90},
    {125, 0x0091af60},
};

const uint8_t kSigCustomScenarioRightFrameSkin[] = {
    0x68, 0x10, 0x53, 0x96, 0x00, 0xff, 0x35, 0xa4,
    0xc4, 0x95, 0x00, 0xe8, 0x45, 0xcc, 0x0c, 0x00,
    0xf3,
};
const RelocSlot kRelCustomScenarioRightFrameSkin[] = {
    {1, 0x00965310},
    {7, 0x0095c4a4},
};

const uint8_t kSigCustomScenarioRightDropdowns[] = {
    0xc7, 0x04, 0x24, 0x00, 0x00, 0xf0, 0x42, 0x68,
    0x9a, 0xc5, 0x95, 0x00, 0x68, 0x40, 0xc5, 0x95,
    0x00, 0x68, 0x20, 0x9d, 0x8c, 0x00, 0x68, 0xf0,
    0x55, 0x84, 0x00, 0xe8, 0x3f, 0xc9, 0x01, 0x00,
    0x83, 0xc4, 0x14, 0x6a, 0x01, 0x51, 0xc7, 0x04,
    0x24, 0x00, 0x00, 0xc8, 0x42, 0xff, 0x35, 0x70,
    0x51, 0x96, 0x00, 0xe8, 0x37, 0x2e, 0x08, 0x00,
    0x68, 0xf8, 0x55, 0x84, 0x00, 0xe8, 0x2d, 0x1f,
    0x06, 0x00, 0x6a, 0x21, 0x50, 0xff, 0x35, 0x70,
    0x51, 0x96, 0x00, 0xe8, 0x3f, 0x62, 0x08, 0x00,
    0x83, 0xc4, 0x1c, 0x6a, 0x01, 0x51, 0xc7, 0x04,
    0x24, 0x00, 0x00, 0xf0, 0x42, 0xff, 0x35, 0x70,
    0x51, 0x96, 0x00, 0xe8, 0x07, 0x2e, 0x08, 0x00,
    0x83, 0xc4, 0x08, 0xc7, 0x04, 0x24, 0x00, 0x00,
    0xf0, 0x42, 0x68, 0xa5, 0xc5, 0x95, 0x00, 0x68,
    0x34, 0xc5, 0x95, 0x00, 0x68, 0x68, 0x9d, 0x8c,
    0x00, 0x68, 0x14, 0x56, 0x84, 0x00, 0xe8, 0xd4,
    0xc8, 0x01, 0x00, 0x83, 0xc4, 0x14, 0x6a, 0x01,
    0x51, 0xc7, 0x04, 0x24, 0x00, 0x00, 0xc8, 0x42,
    0xff, 0x35, 0x70, 0x51, 0x96, 0x00, 0xe8, 0xcc,
    0x2d, 0x08, 0x00, 0x68, 0x20, 0x56, 0x84, 0x00,
    0xe8, 0xc2, 0x1e, 0x06, 0x00, 0x6a, 0x21, 0x50,
    0xff, 0x35, 0x70, 0x51, 0x96, 0x00, 0xe8, 0xd4,
    0x61, 0x08, 0x00, 0x83, 0xc4, 0x1c, 0x6a, 0x01,
    0x51, 0xc7, 0x04, 0x24, 0x00, 0x00, 0xf0, 0x42,
    0xff, 0x35, 0x70, 0x51, 0x96, 0x00, 0xe8, 0x9c,
    0x2d, 0x08, 0x00, 0x83, 0xc4, 0x08, 0xc7, 0x04,
    0x24, 0x00, 0x00, 0xf0, 0x42, 0x68, 0xa6, 0xc5,
    0x95, 0x00, 0x68, 0x4c, 0xc5, 0x95, 0x00, 0x68,
    0x80, 0x9d, 0x8c, 0x00, 0x68, 0x38, 0x56, 0x84,
    0x00, 0xe8, 0x69, 0xc8, 0x01, 0x00, 0x83, 0xc4,
    0x14, 0x6a, 0x01, 0x51, 0xc7, 0x04, 0x24, 0x00,
    0x00, 0xc8, 0x42, 0xff, 0x35, 0x70, 0x51, 0x96,
    0x00, 0xe8, 0x61, 0x2d, 0x08, 0x00, 0x68, 0x40,
    0x56, 0x84, 0x00, 0xe8, 0x57, 0x1e, 0x06, 0x00,
    0x6a, 0x21, 0x50, 0xff, 0x35, 0x70, 0x51, 0x96,
    0x00, 0xe8, 0x69, 0x61, 0x08, 0x00, 0x83, 0xc4,
    0x1c, 0x6a, 0x01, 0x51, 0xc7, 0x04, 0x24, 0x00,
    0x00, 0xf0, 0x42, 0xff, 0x35, 0x70, 0x51, 0x96,
    0x00, 0xe8, 0x31, 0x2d, 0x08, 0x00, 0x83, 0xc4,
    0x08, 0xc7, 0x04, 0x24, 0x00, 0x00, 0xf0, 0x42,
    0x68, 0x9b, 0xc5, 0x95, 0x00, 0x68, 0x1c, 0xc5,
    0x95, 0x00, 0x68, 0x38, 0x9d, 0x8c, 0x00, 0x68,
    0x5c, 0x56, 0x84, 0x00, 0xe8, 0xfe, 0xc7, 0x01,
    0x00, 0x83, 0xc4, 0x14, 0x6a, 0x01, 0x51, 0xc7,
    0x04, 0x24, 0x00, 0x00, 0xc8, 0x42, 0xff, 0x35,
    0x70, 0x51, 0x96, 0x00, 0xe8, 0xf6, 0x2c, 0x08,
    0x00, 0x68, 0x68, 0x56, 0x84, 0x00, 0xe8, 0xec,
    0x1d, 0x06, 0x00, 0x6a, 0x21, 0x50, 0xff, 0x35,
    0x70, 0x51, 0x96, 0x00, 0xe8, 0xfe, 0x60, 0x08,
    0x00, 0x83, 0xc4, 0x1c, 0x6a, 0x01, 0x51, 0xc7,
    0x04, 0x24, 0x00, 0x00, 0xf0, 0x42, 0xff, 0x35,
    0x70, 0x51, 0x96, 0x00, 0xe8, 0xc6, 0x2c, 0x08,
    0x00, 0x83, 0xc4, 0x08, 0xc7, 0x04, 0x24, 0x00,
    0x00, 0xf0, 0x42, 0x68, 0xa4, 0xc5, 0x95, 0x00,
    0x68, 0x10, 0xc5, 0x95, 0x00, 0x68, 0x50, 0x9d,
    0x8c, 0x00, 0x68, 0x80, 0x56, 0x84, 0x00, 0xe8,
    0x93, 0xc7, 0x01, 0x00,
};
const RelocSlot kRelCustomScenarioRightDropdowns[] = {
    {8, 0x0095c59a},
    {13, 0x0095c540},
    {18, 0x008c9d20},
    {23, 0x008455f0},
    {47, 0x00965170},
    {57, 0x008455f8},
    {71, 0x00965170},
    {95, 0x00965170},
    {115, 0x0095c5a5},
    {120, 0x0095c534},
    {125, 0x008c9d68},
    {130, 0x00845614},
    {154, 0x00965170},
    {164, 0x00845620},
    {178, 0x00965170},
    {202, 0x00965170},
    {222, 0x0095c5a6},
    {227, 0x0095c54c},
    {232, 0x008c9d80},
    {237, 0x00845638},
    {261, 0x00965170},
    {271, 0x00845640},
    {285, 0x00965170},
    {309, 0x00965170},
    {329, 0x0095c59b},
    {334, 0x0095c51c},
    {339, 0x008c9d38},
    {344, 0x0084565c},
    {368, 0x00965170},
    {378, 0x00845668},
    {392, 0x00965170},
    {416, 0x00965170},
    {436, 0x0095c5a4},
    {441, 0x0095c510},
    {446, 0x008c9d50},
    {451, 0x00845680},
};

const uint8_t kSigCustomScenarioNavStrip[] = {
    0x51, 0x6a, 0x00, 0xff, 0x75, 0x80, 0x83, 0xec,
    0x10, 0x8b, 0xcc, 0xff, 0x35, 0x70, 0x51, 0x96,
    0x00, 0x0f, 0x11, 0x01, 0xe8, 0xaa, 0xe7, 0xff,
    0xff,
};
const RelocSlot kRelCustomScenarioNavStrip[] = {
    {13, 0x00965170},
};

const uint8_t kSigNUIScopedFontCtor[] = {
    0x55, 0x8b, 0xec, 0x51, 0x89, 0x4d, 0xfc, 0x8b,
    0x45, 0xfc, 0xc7, 0x00, 0x58, 0xb9, 0x85, 0x00,
    0x8b, 0x4d, 0xfc, 0x8b, 0x55, 0x0c, 0x89, 0x51,
    0x04, 0x8b, 0x45, 0xfc, 0xc7, 0x40,
};
const RelocSlot kRelNUIScopedFontCtor[] = {
    {12, 0x0085b958},
};

const uint8_t kSigLocalizedFormat[] = {
    0x55, 0x8b, 0xec, 0x83, 0xec, 0x08, 0x8d, 0x45,
    0x0c, 0x89, 0x45, 0xfc, 0x8b, 0x4d, 0xfc, 0x51,
    0x8b, 0x55, 0x08, 0x52, 0xe8, 0xc7, 0xfe, 0xff,
    0xff, 0x83, 0xc4, 0x04, 0x50, 0xe8,
};

const uint8_t kSigNkSpacing[] = {
    0x55, 0x8b, 0xec, 0x83, 0xec, 0x14, 0xa1, 0xc0,
    0xd6, 0x90, 0x00, 0x33, 0xc5, 0x89, 0x45, 0xfc,
    0x0f, 0x57, 0xc0, 0xf3, 0x0f, 0x11, 0x45, 0xec,
};
const RelocSlot kRelNkSpacing[] = {
    {7, 0x0090d6c0},
};

const uint8_t kSigCustomScenarioStartButton[] = {
    0x56, 0x68, 0x34, 0x55, 0x84, 0x00, 0x8b, 0xf1,
    0xe8, 0x43, 0x1a, 0x06, 0x00, 0x50, 0xff, 0x35,
    0x70, 0x51, 0x96, 0x00, 0xe8, 0xe7, 0xc2, 0x01,
    0x00, 0x83, 0xc4, 0x0c, 0x84, 0xc0, 0x0f, 0x84,
    0xa9, 0x00,
};
const RelocSlot kRelCustomScenarioStartButton[] = {
    {2, 0x00845534},
    {16, 0x00965170},
};

const uint8_t kSigCustomScenarioCancelAction[] = {
    0xc6, 0x05, 0x98, 0xc5, 0x95, 0x00, 0x00, 0x3b,
    0xf7, 0x74, 0x18, 0x8b, 0xce, 0xe8, 0x13, 0x2e,
    0xf9, 0xff, 0x83, 0xc6, 0x68, 0x3b, 0xf7, 0x75,
    0xf2, 0xa1, 0x70, 0xc5, 0x95, 0x00, 0xa3, 0x74,
    0xc5, 0x95, 0x00, 0xe8, 0x0d, 0xcc, 0xf9, 0xff,
    0x0f, 0xb7, 0xc0, 0x50, 0xe8, 0x34, 0xcc, 0xf9,
    0xff, 0x83,
};
const RelocSlot kRelCustomScenarioCancelAction[] = {
    {2, 0x0095c598},
    {26, 0x0095c570},
    {31, 0x0095c574},
};

const uint8_t kSigLobbyCreationReadyFlagAndDispatch[] = {
    0x80, 0x3d, 0x9c, 0xd5, 0x95, 0x00, 0x00, 0x75,
    0x05, 0xe8, 0x99, 0xe0, 0xff, 0xff, 0xe8, 0x34,
    0xe4, 0xff, 0xff,
};
const RelocSlot kRelLobbyCreationReadyFlagAndDispatch[] = {
    {2, 0x0095d59c},
};

const uint8_t kSigLobbyCreationContent[] = {
    0x55, 0x8b, 0xec, 0x6a, 0xff, 0x68, 0x8d, 0x66,
    0x82, 0x00, 0x64, 0xa1, 0x00, 0x00, 0x00, 0x00,
    0x50, 0x81, 0xec, 0x14,
};
const RelocSlot kRelLobbyCreationContent[] = {
    {6, 0x0082668d},
};

const uint8_t kSigLobbyCreationCreateButton[] = {
    0x8b, 0xf1, 0x68, 0xe0, 0x6f, 0x84, 0x00, 0xe8,
    0xb7, 0x23, 0x05, 0x00, 0x50, 0xff, 0x35, 0x70,
    0x51, 0x96, 0x00, 0xe8, 0x5b, 0xcc, 0x00, 0x00,
    0x83, 0xc4,
};
const RelocSlot kRelLobbyCreationCreateButton[] = {
    {3, 0x00846fe0},
    {15, 0x00965170},
};

const uint8_t kSigLobbyCreationCreateClosureRead[] = {
    0x8b, 0x06, 0xc6, 0x00, 0x01, 0xe8, 0xcc, 0x19,
    0x00, 0x00,
};

const uint8_t kSigLobbyCreationPasswordField[] = {
    0x68, 0x30, 0x32, 0x5c, 0x00, 0x6a, 0x18, 0x68,
    0x0c, 0xd6, 0x95, 0x00, 0x68, 0x60, 0x02, 0x00,
    0x00, 0xff, 0x35, 0x70, 0x51, 0x96, 0x00, 0xe8,
    0x2c, 0xce, 0x00,
};
const RelocSlot kRelLobbyCreationPasswordField[] = {
    {1, 0x005c3230},
    {8, 0x0095d60c},
    {19, 0x00965170},
};

const uint8_t kSigLobbyCreationCancelAction[] = {
    0x68, 0x1c, 0x55, 0x84, 0x00, 0xe8, 0x86, 0x09,
    0x05, 0x00, 0x50, 0xff, 0x35, 0x70, 0x51, 0x96,
    0x00, 0xe8, 0x2a, 0xb2, 0x00, 0x00, 0x83, 0xc4,
    0x0c, 0x84, 0xc0, 0x74, 0x16, 0xc6, 0x05, 0x9c,
    0xd5, 0x95, 0x00, 0x00, 0xe8, 0x17, 0xa7, 0xf8,
    0xff, 0x0f, 0xb7, 0xc0, 0x50, 0xe8, 0x3e, 0xa7,
};
const RelocSlot kRelLobbyCreationCancelAction[] = {
    {1, 0x0084551c},
    {13, 0x00965170},
    {31, 0x0095d59c},
};

const uint8_t kSigLobbyCreationFolderDropdown[] = {
    0x68, 0x9d, 0xd5, 0x95, 0x00, 0x68, 0xf0, 0xd5,
    0x95, 0x00, 0x68, 0x30, 0xa8, 0x8c, 0x00, 0x68,
    0x74, 0x55, 0x84, 0x00, 0xe8, 0x4b, 0xc6, 0x00,
    0x00,
};
const RelocSlot kRelLobbyCreationFolderDropdown[] = {
    {1, 0x0095d59d},
    {6, 0x0095d5f0},
    {11, 0x008ca830},
    {16, 0x00845574},
};

const uint8_t kSigLobbyCreationFolderRebuild[] = {
    0x68, 0x48, 0xa8, 0x8c, 0x00, 0x68, 0xf0, 0xd5,
    0x95, 0x00, 0x68, 0xe4, 0xd5, 0x95, 0x00, 0xe8,
    0x31, 0x28, 0xf8, 0xff,
};
const RelocSlot kRelLobbyCreationFolderRebuild[] = {
    {1, 0x008ca848},
    {6, 0x0095d5f0},
    {11, 0x0095d5e4},
};

const uint8_t kSigLobbyCreationMapsizeDropdown[] = {
    0x68, 0x24, 0xd6, 0x95, 0x00, 0x68, 0x10, 0xd5,
    0x95, 0x00, 0x68, 0xac, 0xa8, 0x8c, 0x00, 0x68,
    0x6c, 0x55, 0x84, 0x00, 0xe8, 0xdb, 0xc2, 0x00,
    0x00,
};
const RelocSlot kRelLobbyCreationMapsizeDropdown[] = {
    {1, 0x0095d624},
    {6, 0x0095d510},
    {11, 0x008ca8ac},
    {16, 0x0084556c},
};

const uint8_t kSigLobbyCreationMapListBounds[] = {
    0x8b, 0x0d, 0xe8, 0xd5, 0x95, 0x00, 0xb8, 0x4f,
    0xec, 0xc4, 0x4e, 0x2b, 0x0d, 0xe4, 0xd5, 0x95,
    0x00, 0x83, 0xc4, 0x0c, 0xf7, 0xe9,
};
const RelocSlot kRelLobbyCreationMapListBounds[] = {
    {2, 0x0095d5e8},
    {13, 0x0095d5e4},
};

const uint8_t kSigLobbyCreationSelectedPath[] = {
    0xb8, 0xe8, 0xa7, 0x8c, 0x00, 0x0f, 0x47, 0x05,
    0xe8, 0xa7, 0x8c, 0x00, 0x50, 0xe8, 0x6a, 0x27,
    0xf8, 0xff,
};
const RelocSlot kRelLobbyCreationSelectedPath[] = {
    {1, 0x008ca7e8},
    {8, 0x008ca7e8},
};

const uint8_t kSigLobbyCreationNamePublish[] = {
    0xb8, 0xd0, 0xa7, 0x8c, 0x00, 0x0f, 0x47, 0x05,
    0xd0, 0xa7, 0x8c, 0x00, 0x50, 0x68, 0xdc, 0x00,
    0x00, 0x00, 0x68, 0x60, 0xaf, 0x91, 0x00, 0xe8,
    0x80, 0x46, 0x2c, 0x00, 0x83, 0xc4,
};
const RelocSlot kRelLobbyCreationNamePublish[] = {
    {1, 0x008ca7d0},
    {8, 0x008ca7d0},
    {19, 0x0091af60},
};

const uint8_t kSigLobbyCreationNameEdit[] = {
    0xa1, 0x68, 0xa8, 0x8c, 0x00, 0x68, 0x30, 0x32,
    0x5c, 0x00, 0x25, 0xff, 0xff, 0xff, 0x7f, 0x50,
    0xff, 0x35, 0x60, 0xa8, 0x8c, 0x00, 0x68, 0x60,
    0x02, 0x00, 0x00, 0xff, 0x35, 0x70, 0x51, 0x96,
    0x00, 0xe8, 0x00, 0xbe, 0x00, 0x00, 0x83,
};
const RelocSlot kRelLobbyCreationNameEdit[] = {
    {1, 0x008ca868},
    {6, 0x005c3230},
    {18, 0x008ca860},
    {29, 0x00965170},
};

const uint8_t kSigLobbyCreationResourcesDropdown[] = {
    0x68, 0x9f, 0xd5, 0x95, 0x00, 0x68, 0x04, 0xd5,
    0x95, 0x00, 0x68, 0x94, 0xa8, 0x8c, 0x00, 0x68,
    0x5c, 0x56, 0x84, 0x00, 0xe8, 0xf5, 0xb9, 0x00,
    0x00,
};
const RelocSlot kRelLobbyCreationResourcesDropdown[] = {
    {1, 0x0095d59f},
    {6, 0x0095d504},
    {11, 0x008ca894},
    {16, 0x0084565c},
};

const uint8_t kSigLobbyCreationUnitsDropdown[] = {
    0x68, 0x9e, 0xd5, 0x95, 0x00, 0x68, 0xf8, 0xd4,
    0x95, 0x00, 0x68, 0x7c, 0xa8, 0x8c, 0x00, 0x68,
    0x80, 0x56, 0x84, 0x00, 0xe8, 0x8a, 0xb9, 0x00,
    0x00,
};
const RelocSlot kRelLobbyCreationUnitsDropdown[] = {
    {1, 0x0095d59e},
    {6, 0x0095d4f8},
    {11, 0x008ca87c},
    {16, 0x00845680},
};

const uint8_t kSigLobbyCreationTilesetDropdown[] = {
    0x68, 0x25, 0xd6, 0x95, 0x00, 0x68, 0x34, 0xd5,
    0x95, 0x00, 0x68, 0xc4, 0xa8, 0x8c, 0x00, 0x68,
    0x38, 0x56, 0x84, 0x00, 0xe8, 0x1f, 0xb9, 0x00,
    0x00,
};
const RelocSlot kRelLobbyCreationTilesetDropdown[] = {
    {1, 0x0095d625},
    {6, 0x0095d534},
    {11, 0x008ca8c4},
    {16, 0x00845638},
};

const uint8_t kSigLobbyCreationStartingLocationDropdown[] = {
    0x68, 0x26, 0xd6, 0x95, 0x00, 0x68, 0x40, 0xd5,
    0x95, 0x00, 0x68, 0xdc, 0xa8, 0x8c, 0x00, 0x68,
    0x1c, 0x70, 0x84, 0x00, 0xe8, 0xb4, 0xb8, 0x00,
    0x00,
};
const RelocSlot kRelLobbyCreationStartingLocationDropdown[] = {
    {1, 0x0095d626},
    {6, 0x0095d540},
    {11, 0x008ca8dc},
    {16, 0x0084701c},
};

const uint8_t kSigLobbyCreationGameSpeedSlider[] = {
    0x68, 0x28, 0xd6, 0x95, 0x00, 0xe8, 0x8f, 0xc5,
    0x00, 0x00, 0x8b,
};
const RelocSlot kRelLobbyCreationGameSpeedSlider[] = {
    {1, 0x0095d628},
};

const uint8_t kSigLobbyCreationScreenSkin[] = {
    0xff, 0x35, 0x70, 0xd4, 0x95, 0x00, 0x0f, 0x11,
    0x45, 0x98, 0x0f, 0x11, 0x85, 0xec, 0xfe, 0xff,
};
const RelocSlot kRelLobbyCreationScreenSkin[] = {
    {2, 0x0095d470},
};

const uint8_t kSigLobbyCreationHeadingFont[] = {
    0xff, 0x35, 0xbc, 0xd4, 0x95, 0x00, 0xe8, 0x05,
    0xc6, 0x0b, 0x00, 0xf3, 0x0f, 0x10, 0x85, 0x10,
};
const RelocSlot kRelLobbyCreationHeadingFont[] = {
    {2, 0x0095d4bc},
};

const uint8_t kSigLobbyCreationLeftFrameSkin[] = {
    0xff, 0x35, 0x84, 0xd4, 0x95, 0x00, 0xe8, 0xc5,
    0xc2, 0x0b, 0x00, 0xf3, 0x0f, 0x10, 0x85, 0xfc,
};
const RelocSlot kRelLobbyCreationLeftFrameSkin[] = {
    {2, 0x0095d484},
};

const uint8_t kSigLobbyCreationRightFrameSkin[] = {
    0xff, 0x35, 0x8c, 0xd4, 0x95, 0x00, 0xe8, 0x6c,
    0xbd, 0x0b, 0x00, 0xf3, 0x0f, 0x10, 0x85, 0x10,
};
const RelocSlot kRelLobbyCreationRightFrameSkin[] = {
    {2, 0x0095d48c},
};

const uint8_t kSigMultiplayerLobbySlotRow[] = {
    0x55, 0x8b, 0xec, 0x6a, 0xff, 0x68, 0xad, 0x5f,
    0x82, 0x00, 0x64, 0xa1, 0x00, 0x00, 0x00, 0x00,
    0x50, 0x81, 0xec, 0x18,
};
const RelocSlot kRelMultiplayerLobbySlotRow[] = {
    {6, 0x00825fad},
};

const uint8_t kSigLobbyTeamChangeRequestHandler[] = {
    0x55, 0x8b, 0xec, 0xa1, 0xd4, 0xbb, 0x95, 0x00,
    0x80, 0x78, 0x18, 0x00, 0x74, 0x32, 0x8b, 0x55,
    0x08, 0x8a, 0x42, 0x01, 0x3c, 0x08, 0x75, 0x0a,
};
const RelocSlot kRelLobbyTeamChangeRequestHandler[] = {
    {4, 0x0095bbd4},
};

const uint8_t kSigLobbySlotSwapRequestHandler[] = {
    0x55, 0x8b, 0xec, 0xa1, 0xd4, 0xbb, 0x95, 0x00,
    0x80, 0x78, 0x18, 0x00, 0x74, 0x26, 0x8b, 0x4d,
    0x08, 0x8a, 0x41, 0x01, 0x3c, 0x08, 0x73, 0x1c,
};
const RelocSlot kRelLobbySlotSwapRequestHandler[] = {
    {4, 0x0095bbd4},
};

const uint8_t kSigLobbySlotDropdownOrLabel[] = {
    0x55, 0x8b, 0xec, 0x6a, 0xff, 0x68, 0xf5, 0x5f,
    0x82, 0x00, 0x64, 0xa1, 0x00, 0x00, 0x00, 0x00,
    0x50, 0x83, 0xec, 0x58, 0xa1, 0xc0, 0xd6, 0x90,
    0x00,
};
const RelocSlot kRelLobbySlotDropdownOrLabel[] = {
    {6, 0x00825ff5},
    {21, 0x0090d6c0},
};

const uint8_t kSigMultiplayerLobbyTeamOptionList[] = {
    0x68, 0xc8, 0xd3, 0x95, 0x00, 0x51, 0x50, 0xff,
    0xb5, 0x04, 0xff, 0xff, 0xff, 0x56, 0xe8, 0x9b,
};
const RelocSlot kRelMultiplayerLobbyTeamOptionList[] = {
    {1, 0x0095d3c8},
};

const uint8_t kSigMultiplayerLobbyLeaveButton[] = {
    0x68, 0xc4, 0x6c, 0x84, 0x00, 0xe8, 0x16, 0x49,
    0x05, 0x00, 0x50, 0xff, 0x35, 0x70, 0x51, 0x96,
    0x00, 0xe8, 0xba, 0xf1, 0x00, 0x00, 0x83, 0xc4,
    0x0c, 0x84, 0xc0, 0x74, 0x2d, 0x6a, 0x16, 0xe8,
};
const RelocSlot kRelMultiplayerLobbyLeaveButton[] = {
    {1, 0x00846cc4},
    {13, 0x00965170},
};

const uint8_t kSigMultiplayerLobbyStartGameButton[] = {
    0x55, 0x8b, 0xec, 0x6a, 0xff, 0x68, 0xd5, 0x5b,
    0x82, 0x00, 0x64, 0xa1, 0x00, 0x00, 0x00, 0x00,
    0x50, 0x83, 0xec, 0x24, 0xa1, 0xc0, 0xd6, 0x90,
    0x00,
};
const RelocSlot kRelMultiplayerLobbyStartGameButton[] = {
    {6, 0x00825bd5},
    {21, 0x0090d6c0},
};

const uint8_t kSigMultiplayerLobbySendChat[] = {
    0x55, 0x8b, 0xec, 0x6a, 0xff, 0x68, 0x00, 0x62,
    0x82, 0x00, 0x64, 0xa1, 0x00, 0x00, 0x00, 0x00,
    0x50, 0x81, 0xec, 0x8c, 0x00, 0x00, 0x00, 0xa1,
    0xc0, 0xd6, 0x90, 0x00, 0x33, 0xc5, 0x89, 0x45,
    0xf0, 0x53, 0x56, 0x57, 0x50, 0x8d, 0x45, 0xf4,
};
const RelocSlot kRelMultiplayerLobbySendChat[] = {
    {6, 0x00826200},
    {24, 0x0090d6c0},
};

const uint8_t kSigMultiplayerLobbyMaxPlayers[] = {
    0x32, 0xd2, 0xb9, 0x98, 0x63, 0x91, 0x00, 0x8a,
    0x41, 0xda, 0x83, 0xe9, 0x26, 0x3c, 0x08, 0x74,
    0x06, 0x3c, 0x03, 0x74,
};
const RelocSlot kRelMultiplayerLobbyMaxPlayers[] = {
    {3, 0x00916398},
};

const uint8_t kSigNkInputIsKeyPressed[] = {
    0x55, 0x8b, 0xec, 0x51, 0x83, 0x7d, 0x08, 0x00,
    0x75, 0x04, 0x33, 0xc0, 0xeb, 0x37, 0x8b, 0x45,
    0x0c, 0x8b, 0x4d, 0x08, 0x8d, 0x14, 0xc1, 0x89,
};

const uint8_t kSigNkLayoutRowWithRatios[] = {
    0x55, 0x8b, 0xec, 0x83, 0xec, 0x24, 0xc7, 0x45,
    0xf0, 0x00, 0x00, 0x00, 0x00, 0x83, 0x7d, 0x08,
    0x00, 0x74, 0x1e, 0x8b, 0x45, 0x08, 0x83, 0xb8,
};

const uint8_t kSigMultiplayerLobbyWindowOpenAndDispatch[] = {
    0x6a, 0x20, 0x83, 0xec, 0x10, 0x8b, 0xcc, 0x68,
    0xec, 0x6c, 0x84, 0x00, 0xff, 0x35, 0x70, 0x51,
    0x96, 0x00, 0x0f, 0x11, 0x01, 0xe8, 0x02, 0x36,
    0x07, 0x00, 0x83, 0xc4, 0x1c, 0x85, 0xc0, 0x0f,
    0x84, 0x39, 0x19, 0x00, 0x00, 0x80, 0x3d, 0x26,
};
const RelocSlot kRelMultiplayerLobbyWindowOpenAndDispatch[] = {
    {8, 0x00846cec},
    {14, 0x00965170},
};

const uint8_t kSigMultiplayerLobbyHeadingFontAndGameName[] = {
    0xff, 0x35, 0x10, 0xd4, 0x95, 0x00, 0x8d, 0x8d,
    0xc8, 0xfd, 0xff, 0xff, 0xe8, 0x48, 0xef, 0x0b,
    0x00, 0x6a, 0x12, 0x68, 0x34, 0x65, 0x91, 0x00,
    0xff, 0x35, 0x70, 0x51,
};
const RelocSlot kRelMultiplayerLobbyHeadingFontAndGameName[] = {
    {2, 0x0095d410},
    {20, 0x00916534},
};

const uint8_t kSigMultiplayerLobbyChatFrameSkin[] = {
    0xff, 0x35, 0xa8, 0xd2, 0x95, 0x00, 0xf3, 0x0f,
    0x11, 0x85, 0xe0, 0xfd, 0xff, 0xff, 0xe8, 0x7f,
};
const RelocSlot kRelMultiplayerLobbyChatFrameSkin[] = {
    {2, 0x0095d2a8},
};

const uint8_t kSigMultiplayerLobbyChatTextSkin[] = {
    0xff, 0x35, 0x78, 0xd2, 0x95, 0x00, 0x8d, 0x4d,
    0xe4, 0xe8, 0x05, 0xea, 0x0b, 0x00, 0x68, 0x10,
};
const RelocSlot kRelMultiplayerLobbyChatTextSkin[] = {
    {2, 0x0095d278},
};

const uint8_t kSigMultiplayerLobbyChatHistoryVector[] = {
    0x8b, 0x0d, 0x08, 0xd4, 0x95, 0x00, 0x2b, 0x0d,
    0x04, 0xd4, 0x95, 0x00, 0xc6, 0x45, 0xfc, 0x05,
};
const RelocSlot kRelMultiplayerLobbyChatHistoryVector[] = {
    {2, 0x0095d408},
    {8, 0x0095d404},
};

const uint8_t kSigMultiplayerLobbyChatScrollRequest[] = {
    0x80, 0x3d, 0x04, 0xa5, 0x8c, 0x00, 0x00, 0x74,
    0x3a, 0x66, 0x0f, 0x6e, 0xc6, 0x0f, 0x5b, 0xc0,
};
const RelocSlot kRelMultiplayerLobbyChatScrollRequest[] = {
    {2, 0x008ca504},
};

const uint8_t kSigMultiplayerLobbyChatInputBuffer[] = {
    0x8b, 0x0d, 0x38, 0xa6, 0x8c, 0x00, 0xb8, 0x28,
    0xa6, 0x8c, 0x00, 0x49, 0x83, 0x3d, 0x3c, 0xa6,
    0x8c, 0x00, 0x0f, 0x68, 0x30, 0x32, 0x5c, 0x00,
    0x0f, 0x47, 0x05, 0x28, 0xa6, 0x8c, 0x00, 0x51,
};
const RelocSlot kRelMultiplayerLobbyChatInputBuffer[] = {
    {2, 0x008ca638},
    {7, 0x008ca628},
    {14, 0x008ca63c},
    {20, 0x005c3230},
    {27, 0x008ca628},
};

const uint8_t kSigMultiplayerLobbyMatchOptionFlags[] = {
    0x8b, 0x3d, 0x60, 0x65, 0x91, 0x00, 0xc7, 0x44,
    0x24, 0x0c, 0x00, 0x00, 0xf0, 0x42, 0xf3, 0x0f,
};
const RelocSlot kRelMultiplayerLobbyMatchOptionFlags[] = {
    {2, 0x00916560},
};

const uint8_t kSigMultiplayerLobbyHostName[] = {
    0x68, 0x64, 0x65, 0x91, 0x00, 0xff, 0x35, 0x70,
    0x51, 0x96, 0x00, 0xe8, 0x9e, 0x7c, 0x07, 0x00,
};
const RelocSlot kRelMultiplayerLobbyHostName[] = {
    {1, 0x00916564},
    {7, 0x00965170},
};

const uint8_t kSigMultiplayerLobbyPlayerCount[] = {
    0x0f, 0xb6, 0x05, 0x54, 0x65, 0x91, 0x00, 0x50,
    0x8d, 0x45, 0xa8, 0xc6, 0x45, 0xfc, 0x0f, 0x50,
    0xe8, 0xc6, 0x6d, 0xfd, 0xff, 0x83, 0xc4, 0x08,
};
const RelocSlot kRelMultiplayerLobbyPlayerCount[] = {
    {3, 0x00916554},
};

const uint8_t kSigMultiplayerLobbyMapName[] = {
    0x68, 0x7d, 0x65, 0x91, 0x00, 0x8d, 0x4d, 0xc0,
    0xe8, 0x39, 0x11, 0xf6, 0xff, 0x83, 0x7d, 0xd4,
};
const RelocSlot kRelMultiplayerLobbyMapName[] = {
    {1, 0x0091657d},
};

const uint8_t kSigMultiplayerLobbyGameSpeed[] = {
    0x0f, 0xb6, 0x05, 0x56, 0x65, 0x91, 0x00, 0x50,
    0x8d, 0x45, 0xd8, 0x50, 0xe8, 0x52, 0x69, 0xfd,
};
const RelocSlot kRelMultiplayerLobbyGameSpeed[] = {
    {3, 0x00916556},
};

const uint8_t kSigMultiplayerLobbyResourceOptionKeys[] = {
    0xa1, 0x14, 0xd3, 0x95, 0x00, 0x8b, 0x70, 0x08,
    0xeb, 0x35, 0x3d, 0x00, 0x20, 0x00, 0x00, 0x75,
};
const RelocSlot kRelMultiplayerLobbyResourceOptionKeys[] = {
    {1, 0x0095d314},
};

const uint8_t kSigMultiplayerLobbyTilesetOptionKeys[] = {
    0xa1, 0x44, 0xd3, 0x95, 0x00, 0x81, 0xe7, 0x00,
    0xc0, 0x01, 0x00, 0x83, 0xc4, 0x24, 0x81, 0xff,
};
const RelocSlot kRelMultiplayerLobbyTilesetOptionKeys[] = {
    {1, 0x0095d344},
};

const uint8_t kSigMultiplayerLobbyStartLocationFlag[] = {
    0x80, 0x3d, 0x8a, 0x66, 0x91, 0x00, 0x01, 0x75,
    0x07, 0x68, 0x8c, 0x9a, 0x83, 0x00, 0xeb, 0x05,
};
const RelocSlot kRelMultiplayerLobbyStartLocationFlag[] = {
    {2, 0x0091668a},
    {10, 0x00839a8c},
};

const uint8_t kSigMultiplayerLobbyNetSession[] = {
    0x8b, 0x3d, 0xd4, 0xbb, 0x95, 0x00, 0x85, 0xff,
    0x0f, 0x84, 0x75, 0x1a, 0x00, 0x00, 0x80, 0x3d,
};
const RelocSlot kRelMultiplayerLobbyNetSession[] = {
    {2, 0x0095bbd4},
};

const uint8_t kSigMultiplayerLobbyCountdownDisable[] = {
    0x80, 0x3d, 0x26, 0xd4, 0x95, 0x00, 0x00, 0x74,
    0x0e, 0xff, 0x35, 0x70, 0x51, 0x96, 0x00, 0xe8,
    0x63, 0x7e, 0x07, 0x00,
};
const RelocSlot kRelMultiplayerLobbyCountdownDisable[] = {
    {2, 0x0095d426},
    {11, 0x00965170},
};

const uint8_t kSigMultiplayerLobbyEntryDeadTime[] = {
    0xe8, 0xc7, 0x9e, 0x13, 0x00, 0x2b, 0x05, 0x40,
    0xd2, 0x95, 0x00, 0x1b, 0x15, 0x44, 0xd2, 0x95,
    0x00, 0x85, 0xd2, 0x77, 0x17, 0x72, 0x07, 0x3d,
    0xdc, 0x05, 0x00, 0x00, 0x73, 0x0e, 0xff, 0x35,
    0x70, 0x51, 0x96, 0x00, 0xe8, 0x43, 0x67, 0x07,
    0x00,
};
const RelocSlot kRelMultiplayerLobbyEntryDeadTime[] = {
    {7, 0x0095d240},
    {13, 0x0095d244},
    {32, 0x00965170},
};

const uint8_t kSigMillisecondClock[] = {
    0x55, 0x8b, 0xec, 0x83, 0xec, 0x0c, 0x83, 0x3d,
    0xec, 0x26, 0x9b, 0x00, 0x00, 0x75, 0x05, 0xe8,
    0x6c, 0x01, 0x00, 0x00, 0x8d, 0x45, 0xf4, 0x50,
};
const RelocSlot kRelMillisecondClock[] = {
    {8, 0x009b26ec},
};

const uint8_t kSigMultiplayerLobbySlotTableBase[] = {
    0x81, 0xc7, 0x60, 0x62, 0x91, 0x00, 0x89, 0xb5,
    0x0c, 0xff, 0xff, 0xff, 0x89, 0xbd, 0x00, 0xff,
    0xff, 0xff, 0x8a, 0x47,
};
const RelocSlot kRelMultiplayerLobbySlotTableBase[] = {
    {2, 0x00916260},
};

const uint8_t kSigMultiplayerLobbySlotNameArray[] = {
    0x8b, 0x15, 0xf8, 0xd3, 0x95, 0x00, 0x8a, 0x85,
    0x1f, 0xff, 0xff, 0xff, 0xf3, 0x0f, 0x10, 0x45,
};
const RelocSlot kRelMultiplayerLobbySlotNameArray[] = {
    {2, 0x0095d3f8},
};

const uint8_t kSigSyncChecksumMismatchBranch[] = {
    0xe8, 0x4b, 0x35, 0x00, 0x00, 0x83, 0xc4, 0x04,
    0x85, 0xc0, 0x75, 0x1a, 0xa1, 0x10, 0xfb, 0x8b,
    0x00, 0xc7, 0x05, 0xfc, 0x66, 0x91, 0x00, 0x01,
    0x00, 0x00, 0x00, 0xc7, 0x04, 0x85, 0x20, 0x62,
    0x91, 0x00, 0x00, 0x00, 0x01, 0x00,
};
const RelocSlot kRelSyncChecksumMismatchBranch[] = {
    {13, 0x008bfb10},
    {19, 0x009166fc},
    {30, 0x00916220},
};

const uint8_t kSigNetworkTurnCounter[] = {
    0xff, 0x05, 0x10, 0x62, 0x91, 0x00, 0x83, 0x3d,
    0xb0, 0x66, 0x91, 0x00, 0x00, 0x74, 0x05, 0xe8,
    0xb2, 0x2b, 0x00, 0x00,
};
const RelocSlot kRelNetworkTurnCounter[] = {
    {2, 0x00916210},
    {8, 0x009166b0},
};

const uint8_t kSigGetNextPeerPacket[] = {
    0x55, 0x8b, 0xec, 0x51, 0x56, 0x8b, 0x35, 0xd4,
    0xbb, 0x95, 0x00, 0x85, 0xf6, 0x74, 0x05, 0x8b,
    0x76, 0x68, 0xeb, 0x02,
};
const RelocSlot kRelGetNextPeerPacket[] = {
    {7, 0x0095bbd4},
};

const uint8_t kSigGameOperatorDelete[] = {
    0x55, 0x8b, 0xec, 0xff, 0x75, 0x08, 0xe8, 0x92,
    0x3d, 0xd6, 0xff, 0x59, 0x5d, 0xc3,
};

const uint8_t kSigLobbySlotByNetSlot[] = {
    0x8b, 0x45, 0x0c, 0x8a, 0x04, 0x85, 0xc0, 0x64,
    0x91, 0x00, 0x0f, 0xb6, 0xc0, 0x6b, 0xc8, 0x26,
    0x8a, 0x42, 0x02,
};
const RelocSlot kRelLobbySlotByNetSlot[] = {
    {6, 0x009164c0},
};

const uint8_t kSigSelectMapByRegistryName[] = {
    0x55, 0x8b, 0xec, 0x6a, 0xff, 0x68, 0x05, 0x0b,
    0x82, 0x00, 0x64, 0xa1, 0x00, 0x00, 0x00, 0x00,
    0x50, 0x81, 0xec, 0xac, 0x00, 0x00, 0x00,
};
const RelocSlot kRelSelectMapByRegistryName[] = {
    {6, 0x00820b05},
};

const uint8_t kSigMapDownloadSession[] = {
    0xe8, 0x05, 0x6e, 0xff, 0xff, 0x50, 0xe8, 0x2f,
    0x6c, 0xfe, 0xff, 0x33, 0xc9, 0xa3, 0x28, 0x65,
    0x91, 0x00,
};
const RelocSlot kRelMapDownloadSession[] = {
    {14, 0x00916528},
};

const uint8_t kSigKickLobbyPeer[] = {
    0x55, 0x8b, 0xec, 0x51, 0xa1, 0xd4, 0xbb, 0x95,
    0x00, 0x80, 0x78, 0x18, 0x00, 0x74, 0x60, 0x8a,
    0x45, 0x0c, 0x56, 0x8b, 0x75, 0x08, 0x88, 0x45,
    0xfd, 0x8d, 0x45, 0xfc, 0x6a, 0x02, 0x50, 0x56,
    0xc6, 0x45, 0xfc, 0x29,
};
const RelocSlot kRelKickLobbyPeer[] = {
    {5, 0x0095bbd4},
};

const uint8_t kSigMultiplayerLobbyPopupDraw[] = {
    0x68, 0x10, 0x53, 0x96, 0x00, 0xff, 0x35, 0x78,
    0xd2, 0x95, 0x00, 0xe8, 0xe2, 0xd5, 0x0b, 0x00,
    0xb9, 0x68, 0xd3, 0x95, 0x00, 0xc6, 0x45, 0xfc,
    0x17, 0xe8, 0x44, 0xe6, 0x0e, 0x00,
};
const RelocSlot kRelMultiplayerLobbyPopupDraw[] = {
    {1, 0x00965310},
    {7, 0x0095d278},
    {17, 0x0095d368},
};

const uint8_t kSigMultiplayerLobbyMissingMapFlag[] = {
    0x80, 0x3d, 0x9d, 0x66, 0x91, 0x00, 0x00, 0xc6,
    0x05, 0x25, 0xd4, 0x95, 0x00, 0x00, 0x0f, 0x84,
    0x31, 0x01, 0x00, 0x00,
};
const RelocSlot kRelMultiplayerLobbyMissingMapFlag[] = {
    {2, 0x0091669d},
    {9, 0x0095d425},
};

const uint8_t kSigNkLayoutWidgetSpace[] = {
    0x6a, 0x01, 0x8b, 0x45, 0xf8, 0x50, 0x8b, 0x4d,
    0x0c, 0x51, 0x8b, 0x55, 0x08, 0x52, 0xe8, 0x1b,
    0xf8, 0xff, 0xff, 0x83, 0xc4, 0x10,
};

const uint8_t kSigWar2MultiplayerBNetConstructor[] = {
    0x55, 0x8b, 0xec, 0x6a, 0xff, 0x68, 0xa3, 0x25,
    0x82, 0x00, 0x64, 0xa1, 0x00, 0x00, 0x00, 0x00,
    0x50, 0x83, 0xec, 0x44, 0xa1, 0xc0, 0xd6, 0x90,
    0x00, 0x33, 0xc5,
};
const RelocSlot kRelWar2MultiplayerBNetConstructor[] = {
    {6, 0x008225a3},
    {21, 0x0090d6c0},
};

const uint8_t kSigSelectMapScanAndPublishCalls[] = {
    0x8b, 0x85, 0x58, 0xff, 0xff, 0xff, 0x50, 0x56,
    0xe8, 0x92, 0xbe, 0xfd, 0xff, 0x83, 0xc4, 0x08,
    0x84, 0xc0, 0x74, 0x32, 0x6a, 0x48, 0x8d, 0x85,
    0x60, 0xff, 0xff, 0xff, 0x50, 0xe8, 0x5d, 0x8b,
    0x05, 0x00, 0x6a, 0x00, 0x8d, 0x85, 0x60, 0xff,
    0xff, 0xff, 0x50, 0xff, 0xb5, 0x54, 0xff, 0xff,
    0xff, 0xe8, 0x89, 0xee, 0xf9, 0xff, 0x83, 0xc4,
    0x0c,
};

const uint8_t kSigPopupLayoutFrameSkins[] = {
    0x80, 0x3d, 0xc8, 0x03, 0x8c, 0x00, 0x01, 0x8b,
    0x0d, 0x90, 0xe7, 0x95, 0x00, 0x0f, 0x44, 0x0d,
    0x94, 0xe7, 0x95, 0x00,
};
const RelocSlot kRelPopupLayoutFrameSkins[] = {
    {2, 0x008c03c8},
    {9, 0x0095e790},
    {16, 0x0095e794},
};

const uint8_t kSigMultiplayerLobbyLeaveSequence[] = {
    0x6a, 0x16, 0xe8, 0xdc, 0xe6, 0xf8, 0xff, 0x8b,
    0x0d, 0xd4, 0xbb, 0x95, 0x00, 0x83, 0xc4, 0x04,
    0x85, 0xc9, 0x75, 0x08, 0x38, 0x0d, 0x19, 0x00,
    0x00, 0x00, 0x74, 0x11, 0xe8, 0x32, 0x9c, 0xfe,
    0xff, 0xc6, 0x05, 0x24, 0xd4, 0x95, 0x00, 0x00,
    0xe9, 0xd6, 0xf9, 0xff, 0xff,
};
const RelocSlot kRelMultiplayerLobbyLeaveSequence[] = {
    {9, 0x0095bbd4},
    {35, 0x0095d424},
};

const uint8_t kSigGameListPopupSetText[] = {
    0x55, 0x8b, 0xec, 0x51, 0x89, 0x4d, 0xfc, 0x8b,
    0x45, 0x08, 0x50, 0x8b, 0x4d, 0xfc, 0x83, 0xc1,
    0x04, 0xe8, 0xba, 0xaf, 0xfd, 0xff,
};

const uint8_t kSigGameListPopupSetButtons[] = {
    0x55, 0x8b, 0xec, 0x51, 0x89, 0x4d, 0xfc, 0x8b,
    0x45, 0x08, 0x50, 0x8b, 0x4d, 0xfc, 0x83, 0xc1,
    0x1c, 0xe8, 0x2a, 0x05, 0x00, 0x00,
};

const uint8_t kSigGameListPopupSetLayout[] = {
    0x55, 0x8b, 0xec, 0x51, 0x56, 0x57, 0x89, 0x4d,
    0xfc, 0x8b, 0x7d, 0xfc, 0x83, 0xc7, 0x28, 0xb9,
    0x07, 0x00, 0x00, 0x00, 0x8d, 0x75, 0x08, 0xf3,
    0xa5, 0x5f,
};

const uint8_t kSigGameListPopupOpen[] = {
    0x55, 0x8b, 0xec, 0x51, 0x89, 0x4d, 0xfc, 0x8b,
    0x45, 0xfc, 0xc6, 0x00, 0x01, 0x8b, 0xe5, 0x5d,
    0xc3,
};

const uint8_t kSigGameListPopupClose[] = {
    0x55, 0x8b, 0xec, 0x51, 0x89, 0x4d, 0xfc, 0x8b,
    0x45, 0xfc, 0xc6, 0x00, 0x00, 0x8b, 0x0d, 0x70,
    0x51, 0x96, 0x00, 0x51, 0xe8, 0x97, 0xbf, 0xf8,
    0xff,
};
const RelocSlot kRelGameListPopupClose[] = {
    {15, 0x00965170},
};

const uint8_t kSigAlliancesWindowOpen[] = {
    0x68, 0x28, 0x4f, 0x84, 0x00, 0xff, 0x35, 0x70,
    0x51, 0x96, 0x00, 0x0f, 0x11, 0x01, 0xe8, 0xc8,
    0x44, 0x08, 0x00, 0x83, 0xc4, 0x1c, 0x85, 0xc0,
    0x0f, 0x84, 0xd9, 0x07, 0x00, 0x00,
};
const RelocSlot kRelAlliancesWindowOpen[] = {
    {1, 0x00844f28},
    {7, 0x00965170},
};

const uint8_t kSigAlliancesWindowSkin[] = {
    0x80, 0x3d, 0xc8, 0x03, 0x8c, 0x00, 0x01, 0x0f,
    0x10, 0x00, 0xa1, 0xb4, 0xbe, 0x95, 0x00, 0x0f,
    0x44, 0x05, 0xb8, 0xbe, 0x95, 0x00, 0x68, 0x10,
    0x53, 0x96, 0x00,
};
const RelocSlot kRelAlliancesWindowSkin[] = {
    {2, 0x008c03c8},
    {11, 0x0095beb4},
    {18, 0x0095beb8},
    {23, 0x00965310},
};

const uint8_t kSigAlliancesAllowedGreysVictory[] = {
    0xe8, 0x36, 0x14, 0xf6, 0xff, 0x85, 0xc0, 0x75,
    0x0e, 0xff, 0x35, 0x70, 0x51, 0x96, 0x00, 0xe8,
    0x47, 0x8b, 0x08, 0x00, 0x83, 0xc4, 0x04,
};
const RelocSlot kRelAlliancesAllowedGreysVictory[] = {
    {11, 0x00965170},
};

const uint8_t kSigAlliancesVictoryCheckbox[] = {
    0x68, 0x34, 0x9a, 0x8c, 0x00, 0x68, 0x60, 0x4f,
    0x84, 0x00, 0xe8, 0xc5, 0x51, 0x06, 0x00, 0x83,
    0xc4, 0x04, 0x50, 0xe8, 0x2c, 0xfa, 0x01, 0x00,
    0x83, 0xc4, 0x08, 0x84, 0xc0, 0x74, 0x05, 0xe8,
    0xf0, 0x0b, 0x00, 0x00,
};
const RelocSlot kRelAlliancesVictoryCheckbox[] = {
    {1, 0x008c9a34},
    {6, 0x00844f60},
};

const uint8_t kSigAlliancesNameTable[] = {
    0xa1, 0x48, 0xc0, 0x95, 0x00, 0x03, 0xc6, 0x83,
    0x78, 0x14, 0x0f, 0x8b, 0x48, 0x10, 0x76, 0x02,
    0x8b, 0x00,
};
const RelocSlot kRelAlliancesNameTable[] = {
    {1, 0x0095c048},
};

const uint8_t kSigAlliancesRowFont[] = {
    0x68, 0x10, 0x53, 0x96, 0x00, 0xff, 0x35, 0x0c,
    0xbf, 0x95, 0x00, 0x8d, 0x8d, 0x40, 0xff, 0xff,
    0xff, 0xe8, 0x68, 0xfa, 0x0c, 0x00,
};
const RelocSlot kRelAlliancesRowFont[] = {
    {1, 0x00965310},
    {7, 0x0095bf0c},
};

const uint8_t kSigAlliancesRowIconAndName[] = {
    0x57, 0xe8, 0x91, 0xf3, 0xff, 0xff, 0x83, 0x7d,
    0xb4, 0x0f, 0x8d, 0x45, 0xa0, 0x6a, 0x11, 0x0f,
    0x47, 0x45, 0xa0, 0x50, 0xff, 0x35, 0x70, 0x51,
    0x96, 0x00, 0xe8, 0x88, 0x90, 0x08, 0x00, 0x83,
    0xc4, 0x10, 0x80, 0xbf, 0xac, 0x8c, 0x91, 0x00,
    0x01, 0x75, 0x0e,
};
const RelocSlot kRelAlliancesRowIconAndName[] = {
    {22, 0x00965170},
    {36, 0x00918cac},
};

const uint8_t kSigAlliancesAlliedCheckbox[] = {
    0x8d, 0x87, 0x64, 0xc0, 0x95, 0x00, 0x50, 0x68,
    0x13, 0x6c, 0x83, 0x00, 0xe8, 0xad, 0xf5, 0x01,
    0x00, 0x83, 0xc4, 0x08, 0x84, 0xc0, 0x74, 0x05,
    0xe8, 0x71, 0x07, 0x00, 0x00,
};
const RelocSlot kRelAlliancesAlliedCheckbox[] = {
    {2, 0x0095c064},
    {8, 0x00836c13},
};

const uint8_t kSigAlliancesVisionCheckbox[] = {
    0x8d, 0x87, 0x6c, 0xc0, 0x95, 0x00, 0x50, 0x68,
    0x13, 0x6c, 0x83, 0x00, 0xe8, 0x90, 0xf5, 0x01,
    0x00, 0x83, 0xc4, 0x08, 0x84, 0xc0, 0x74, 0x05,
    0xe8, 0x54, 0x07, 0x00, 0x00,
};
const RelocSlot kRelAlliancesVisionCheckbox[] = {
    {2, 0x0095c06c},
    {8, 0x00836c13},
};

const uint8_t kSigAlliancesFooter[] = {
    0xff, 0xb5, 0x70, 0xff, 0xff, 0xff, 0xff, 0xb5,
    0x78, 0xff, 0xff, 0xff, 0x83, 0xec, 0x10, 0x8b,
    0xcc, 0xff, 0x35, 0x70, 0x51, 0x96, 0x00, 0x0f,
    0x11, 0x01, 0xe8, 0xd8, 0xeb, 0xff, 0xff,
};
const RelocSlot kRelAlliancesFooter[] = {
    {19, 0x00965170},
};

const uint8_t kSigPeerDepartedIsState2[] = {
    0x55, 0x8b, 0xec, 0x0f, 0xb6, 0x4d, 0x08, 0x8b,
    0xc1, 0xc1, 0xe0, 0x04, 0x03, 0xc1, 0xc6, 0x04,
    0x45, 0x40, 0x6a, 0x91, 0x00, 0x02,
};
const RelocSlot kRelPeerDepartedIsState2[] = {
    {17, 0x00916a40},
};

const uint8_t kSigMatchResultDeadSlotIsLoss[] = {
    0x38, 0x86, 0x84, 0xaa, 0x91, 0x00, 0x75, 0x31,
    0xc6, 0x86, 0x84, 0xaa, 0x91, 0x00, 0x02,
};
const RelocSlot kRelMatchResultDeadSlotIsLoss[] = {
    {2, 0x0091aa84},
    {10, 0x0091aa84},
};

const uint8_t kSigInMatchHUDBuilder[] = {
    0x55, 0x8b, 0xec, 0x6a, 0xff, 0x68, 0xf3, 0x46,
    0x82, 0x00, 0x64, 0xa1, 0x00, 0x00, 0x00, 0x00,
    0x50, 0x81, 0xec, 0x84, 0x00, 0x00, 0x00, 0xa1,
    0xc0, 0xd6, 0x90, 0x00, 0x33, 0xc5, 0x89, 0x45,
    0xf0, 0x56, 0x57, 0x50, 0x8d, 0x45, 0xf4, 0x64,
    0xa3, 0x00, 0x00, 0x00, 0x00, 0x8a, 0x45, 0x08,
    0x88, 0x45, 0xbf, 0x88, 0x45, 0xb4, 0x84, 0xc0,
    0x74, 0x11, 0xa1, 0x74, 0x51, 0x96, 0x00, 0xa3,
    0xa8, 0xc7, 0x95, 0x00, 0xb8, 0x80, 0x51, 0x96,
    0x00, 0xeb, 0x0f, 0xa1, 0x78, 0x51, 0x96, 0x00,
    0xa3, 0xa8, 0xc7, 0x95, 0x00, 0xb8, 0x90, 0x54,
    0x96, 0x00, 0xa3, 0xac, 0xc7, 0x95, 0x00, 0xe8,
    0xbc, 0xb4, 0x06, 0x00, 0x80, 0x3d, 0xb0, 0xc7,
    0x95, 0x00, 0x00, 0x0f, 0x85, 0x4f, 0x0c, 0x00,
    0x00, 0x80, 0x7d, 0xbf, 0x00, 0x74, 0x16, 0x80,
    0x3d, 0xc8, 0x03, 0x8c, 0x00, 0x00, 0x8b, 0x35,
    0x9c, 0xc9, 0x95, 0x00, 0x0f, 0x44, 0x35, 0x98,
    0xc9, 0x95, 0x00, 0xeb, 0x14, 0x80, 0x3d, 0xc8,
    0x03, 0x8c, 0x00, 0x00, 0x8b, 0x35, 0x94, 0xc9,
    0x95, 0x00, 0x0f, 0x44, 0x35, 0x90, 0xc9, 0x95,
    0x00, 0xff, 0x35, 0xac, 0xc7, 0x95, 0x00, 0x8d,
    0x8d, 0x70, 0xff, 0xff, 0xff, 0xff, 0x35, 0x74,
    0xc9, 0x95, 0x00, 0xe8, 0xe8, 0x5e, 0x0c, 0x00,
    0xff, 0x35, 0xac, 0xc7, 0x95, 0x00, 0x8d, 0x8d,
    0x7c, 0xff, 0xff, 0xff, 0xc7, 0x45, 0xfc, 0x00,
    0x00, 0x00, 0x00, 0x56, 0xe8, 0x2f, 0x5e, 0x0c,
    0x00, 0xc6, 0x45, 0xfc, 0x01, 0xe8, 0xe6, 0x23,
    0x07, 0x00, 0xd9, 0x5d, 0xb8, 0xf3, 0x0f, 0x2c,
    0x75, 0xb8, 0xe8, 0x29, 0x24, 0x07, 0x00, 0xd9,
    0x5d, 0xc0, 0xf3, 0x0f, 0x2c, 0x45, 0xc0, 0x50,
    0x56, 0x6a, 0x00, 0x8d, 0x45, 0xe0, 0x6a, 0x00,
    0x50, 0xe8, 0x12, 0x07, 0x09, 0x00, 0x83, 0xc4,
    0x14, 0x0f, 0x10, 0x00, 0x68, 0x20, 0x01, 0x00,
    0x00, 0x83, 0xec, 0x10, 0x8b, 0xcc, 0x68, 0x24,
    0x5e, 0x84, 0x00, 0xff, 0x35, 0xa8, 0xc7, 0x95,
    0x00, 0x0f, 0x11, 0x01, 0xe8, 0xdf, 0xa4, 0x07,
    0x00, 0x83, 0xc4, 0x1c, 0x85, 0xc0, 0x0f, 0x84,
    0x7e, 0x0b, 0x00, 0x00, 0x68, 0xe8, 0x03, 0x00,
    0x00, 0x51, 0xc7, 0x04, 0x24, 0x00, 0x00, 0x00,
    0x00, 0x6a, 0x01, 0xff, 0x35, 0xa8, 0xc7, 0x95,
    0x00, 0xe8, 0x5a, 0xcd, 0x07, 0x00, 0x8b, 0x7d,
    0xb4, 0x57, 0xe8, 0x21, 0xf0, 0xfd, 0xff, 0x83,
    0xc4, 0x14, 0x89, 0x45, 0xac, 0x85, 0xc0, 0x0f,
    0x84, 0x3d, 0x04, 0x00, 0x00, 0x80, 0x3d, 0xea,
    0x42, 0x93, 0x00, 0x00, 0xb9, 0x3c, 0x5e, 0x84,
    0x00, 0xb8, 0x30, 0x5e, 0x84, 0x00, 0xc7, 0x45,
    0x98, 0x00, 0x00, 0x00, 0x00, 0x0f, 0x46, 0xc1,
    0xc7, 0x45, 0x9c, 0x00, 0x00, 0x00, 0x00, 0x50,
    0x8d, 0x4d, 0xc8, 0xc7, 0x45, 0xb4, 0x00, 0x00,
    0x00, 0x00, 0xc7, 0x45, 0x88, 0x00, 0x00, 0x00,
    0x00, 0xc7, 0x45, 0x8c, 0x00, 0x00, 0x00, 0x00,
    0xc7, 0x45, 0xb0, 0x00, 0x00, 0x00, 0x00, 0xc7,
    0x45, 0x90, 0x00, 0x00, 0x00, 0x00, 0xe8, 0xc5,
    0xf5, 0xf6, 0xff, 0x8d, 0x45, 0xc8, 0x50, 0x8d,
    0x4d, 0xc7, 0xe8, 0x09, 0xd3, 0xff, 0xff, 0x8d,
    0x4d, 0xc8, 0x8b, 0xf0, 0xe8, 0xef, 0x65, 0xf6,
    0xff, 0x56, 0x8b, 0x75, 0xac, 0x8d, 0x45, 0xe0,
    0x50, 0x8b, 0xce, 0xc7, 0x45, 0x94, 0x00, 0x00,
    0x00, 0x00, 0xe8, 0x89, 0x7c, 0x0e, 0x00, 0x84,
    0xc0, 0x74, 0x5e, 0x57, 0x8d, 0x45, 0xe0, 0x50,
    0x8d, 0x45, 0xa8, 0x50, 0xe8, 0x37, 0xfd, 0xff,
    0xff, 0x8b, 0x08, 0x8b, 0x40, 0x04, 0x50, 0x51,
    0x6a, 0x00, 0x89, 0x45, 0x9c, 0x8d, 0x45, 0xa0,
    0x6a, 0x00, 0x50, 0x89, 0x4d, 0x98, 0xe8, 0x0d,
    0x06, 0x09, 0x00, 0x83, 0xc4, 0x10, 0x8b, 0xcc,
    0x0f, 0x10, 0x00, 0xff, 0x35, 0xa8, 0xc7, 0x95,
    0x00, 0x0f, 0x11, 0x01, 0xe8, 0x47, 0xcd, 0x07,
    0x00, 0x0f, 0x10, 0x45, 0xe0, 0x83, 0xc4, 0x04,
    0x8b, 0xc4, 0xff, 0x35, 0xa8, 0xc7, 0x95, 0x00,
    0x0f, 0x11, 0x00, 0xe8, 0xc0, 0xf6, 0x07, 0x00,
    0x8b, 0x45, 0x9c, 0x83, 0xc4, 0x14, 0x89, 0x45,
    0x94, 0x68, 0x44, 0x5e, 0x84, 0x00, 0x8d, 0x4d,
    0xc8, 0xe8, 0x2a, 0xf5, 0xf6, 0xff, 0x8d, 0x45,
    0xc8, 0xc6, 0x45, 0xfc, 0x02, 0x50, 0x8d, 0x45,
    0xe0, 0x8b, 0xce, 0x50, 0xe8, 0x57, 0x7d, 0x0e,
    0x00, 0x8d, 0x4d, 0xc8, 0x88, 0x45, 0xc7, 0xc6,
    0x45, 0xfc, 0x01, 0xe8, 0x48, 0x65, 0xf6, 0xff,
    0x80, 0x7d, 0xc7, 0x00, 0x74, 0x25, 0xf3, 0x0f,
    0x2c, 0x45, 0xc0, 0x57, 0x6a, 0x00, 0x0f, 0x10,
    0x45, 0xe0, 0x2b, 0x45, 0x94, 0x50, 0xff, 0x75,
    0x9c, 0x6a, 0x00, 0x83, 0xec, 0x10, 0x8b, 0xc4,
    0x0f, 0x11, 0x00, 0xe8, 0xa0, 0xe5, 0xff, 0xff,
    0x83, 0xc4, 0x24, 0x68, 0x54, 0x5e, 0x84, 0x00,
    0x8d, 0x4d, 0xc8, 0xe8, 0xd0, 0xf4, 0xf6, 0xff,
    0x8d, 0x45, 0xc8, 0xc6, 0x45, 0xfc, 0x03, 0x50,
    0x8d, 0x45, 0xe0, 0x8b, 0xce, 0x50, 0xe8, 0xfd,
    0x7c, 0x0e, 0x00, 0x8d, 0x4d, 0xc8, 0x88, 0x45,
    0xc7, 0xc6, 0x45, 0xfc, 0x01, 0xe8, 0xee, 0x64,
    0xf6, 0xff, 0x80, 0x7d, 0xc7, 0x00, 0x74, 0x5b,
    0x57, 0x8d, 0x45, 0xe0, 0x50, 0x8d, 0x45, 0xa8,
    0x50, 0xe8, 0x4a, 0xfc, 0xff, 0xff, 0x8b, 0x10,
    0x8b, 0x48, 0x04, 0xf3, 0x0f, 0x2c, 0x45, 0xc0,
    0x51, 0x52, 0x89, 0x55, 0xb4, 0x2b, 0xc1, 0x50,
    0x8d, 0x45, 0xa0, 0x6a, 0x00, 0x50, 0xe8, 0x1d,
    0x05, 0x09, 0x00, 0x83, 0xc4, 0x10, 0x8b, 0xcc,
    0x0f, 0x10, 0x00, 0xff, 0x35, 0xa8, 0xc7, 0x95,
    0x00, 0x0f, 0x11, 0x01, 0xe8, 0x57, 0xcc, 0x07,
    0x00, 0x0f, 0x10, 0x45, 0xe0, 0x83, 0xc4, 0x04,
    0x8b, 0xc4, 0xff, 0x35, 0xa8, 0xc7, 0x95, 0x00,
    0x0f, 0x11, 0x00, 0xe8, 0xd0, 0xf5, 0x07, 0x00,
    0x83, 0xc4, 0x14, 0x68, 0x60, 0x5e, 0x84, 0x00,
    0x8d, 0x4d, 0xc8, 0xe8, 0x40, 0xf4, 0xf6, 0xff,
    0x8d, 0x45, 0xc8, 0xc6, 0x45, 0xfc, 0x04, 0x50,
    0x8d, 0x45, 0xe0, 0x8b, 0xce, 0x50, 0xe8, 0x6d,
    0x7c, 0x0e, 0x00, 0x8d, 0x4d, 0xc8, 0x88, 0x45,
    0xc7, 0xc6, 0x45, 0xfc, 0x01, 0xe8, 0x5e, 0x64,
    0xf6, 0xff, 0x80, 0x7d, 0xc7, 0x00, 0x74, 0x5e,
    0x57, 0x8d, 0x45, 0xe0, 0x50, 0x8d, 0x45, 0xa8,
    0x50, 0xe8, 0xba, 0xfb, 0xff, 0xff, 0x8b, 0x08,
    0x8b, 0x40, 0x04, 0x50, 0x89, 0x45, 0x8c, 0xf3,
    0x0f, 0x2c, 0x45, 0xb8, 0x51, 0x6a, 0x00, 0x89,
    0x4d, 0x88, 0x2b, 0xc1, 0x50, 0x8d, 0x45, 0xa0,
    0x50, 0xe8, 0x8a, 0x04, 0x09, 0x00, 0x83, 0xc4,
    0x10, 0x8b, 0xcc, 0x0f, 0x10, 0x00, 0xff, 0x35,
    0xa8, 0xc7, 0x95, 0x00, 0x0f, 0x11, 0x01, 0xe8,
    0xc4, 0xcb, 0x07, 0x00, 0x0f, 0x10, 0x45, 0xe0,
    0x83, 0xc4, 0x04, 0x8b, 0xc4, 0xff, 0x35, 0xa8,
    0xc7, 0x95, 0x00, 0x0f, 0x11, 0x00, 0xe8, 0x3d,
    0xf5, 0x07, 0x00, 0x83, 0xc4, 0x14, 0x68, 0x6c,
    0x5e, 0x84, 0x00, 0x8d, 0x4d, 0xc8, 0xe8, 0xad,
    0xf3, 0xf6, 0xff, 0x8d, 0x45, 0xc8, 0xc6, 0x45,
    0xfc, 0x05, 0x50, 0x8d, 0x45, 0xe0, 0x8b, 0xce,
    0x50, 0xe8, 0xda, 0x7b, 0x0e, 0x00, 0x8d, 0x4d,
    0xc8, 0x88, 0x45, 0xc7, 0xc6, 0x45, 0xfc, 0x01,
    0xe8, 0xcb, 0x63, 0xf6, 0xff, 0x80, 0x7d, 0xc7,
    0x00, 0x74, 0x64, 0x57, 0x8d, 0x45, 0xe0, 0x50,
    0x8d, 0x45, 0xa8, 0x50, 0xe8, 0x27, 0xfb, 0xff,
    0xff, 0x8b, 0x10, 0x8b, 0x48, 0x04, 0xf3, 0x0f,
    0x2c, 0x45, 0xc0, 0x51, 0x52, 0x89, 0x55, 0xb0,
    0x89, 0x4d, 0x90, 0x2b, 0xc1, 0x50, 0xf3, 0x0f,
    0x2c, 0x45, 0xb8, 0x2b, 0xc2, 0x50, 0x8d, 0x45,
    0xa0, 0x50, 0xe8, 0xf1, 0x03, 0x09, 0x00, 0x83,
    0xc4, 0x10, 0x8b, 0xcc, 0x0f, 0x10, 0x00, 0xff,
    0x35, 0xa8, 0xc7, 0x95, 0x00, 0x0f, 0x11, 0x01,
    0xe8, 0x2b, 0xcb, 0x07, 0x00, 0x0f, 0x10, 0x45,
    0xe0, 0x83, 0xc4, 0x04, 0x8b, 0xc4, 0xff, 0x35,
    0xa8, 0xc7, 0x95, 0x00, 0x0f, 0x11, 0x00, 0xe8,
    0xa4, 0xf4, 0x07, 0x00, 0x83, 0xc4, 0x14, 0x68,
    0x78, 0x5e, 0x84, 0x00, 0x8d, 0x4d, 0xc8, 0xe8,
    0x14, 0xf3, 0xf6, 0xff, 0x8d, 0x45, 0xc8, 0xc6,
    0x45, 0xfc, 0x06, 0x50, 0x8d, 0x45, 0xe0, 0x8b,
    0xce, 0x50, 0xe8, 0x41, 0x7b, 0x0e, 0x00, 0x8d,
    0x4d, 0xc8, 0x88, 0x45, 0xc7, 0xc6, 0x45, 0xfc,
    0x01, 0xe8, 0x32, 0x63, 0xf6, 0xff, 0x80, 0x7d,
    0xc7, 0x00, 0x74, 0x40, 0x57, 0x8d, 0x45, 0xe0,
    0x50, 0x8d, 0x45, 0xa8, 0x50, 0xe8, 0x8e, 0xfa,
    0xff, 0xff, 0xf3, 0x0f, 0x2c, 0x45, 0xc0, 0x8b,
    0x4d, 0x8c, 0x83, 0xc4, 0x0c, 0x57, 0x6a, 0x00,
    0x0f, 0x10, 0x45, 0xe0, 0x2b, 0x45, 0x90, 0x2b,
    0xc1, 0x50, 0xf3, 0x0f, 0x2c, 0x45, 0xb8, 0x51,
    0x2b, 0x45, 0xa8, 0x50, 0x83, 0xec, 0x10, 0x8b,
    0xc4, 0x0f, 0x11, 0x00, 0xe8, 0x6f, 0xe3, 0xff,
    0xff, 0x83, 0xc4, 0x24, 0x68, 0x80, 0x5e, 0x84,
    0x00, 0x8d, 0x4d, 0xc8, 0xe8, 0x9f, 0xf2, 0xf6,
    0xff, 0x8d, 0x45, 0xc8, 0xc6, 0x45, 0xfc, 0x07,
    0x50, 0x8d, 0x45, 0xe0, 0x8b, 0xce, 0x50, 0xe8,
    0xcc, 0x7a, 0x0e, 0x00, 0x8d, 0x4d, 0xc8, 0x88,
    0x45, 0xc7, 0xc6, 0x45, 0xfc, 0x01, 0xe8, 0xbd,
    0x62, 0xf6, 0xff, 0x80, 0x7d, 0xc7, 0x00, 0x74,
    0x28, 0xf3, 0x0f, 0x2c, 0x45, 0xb8, 0x8b, 0x4d,
    0x98, 0x57, 0x6a, 0x01, 0x0f, 0x10, 0x45, 0xe0,
    0x2b, 0x45, 0x88, 0x2b, 0xc1, 0x50, 0x6a, 0x00,
    0x51, 0x83, 0xec, 0x10, 0x8b, 0xc4, 0x0f, 0x11,
    0x00, 0xe8, 0x12, 0xe3, 0xff, 0xff, 0x83, 0xc4,
    0x24, 0x68, 0x84, 0x5e, 0x84, 0x00, 0x8d, 0x4d,
    0xc8, 0xe8, 0x42, 0xf2, 0xf6, 0xff, 0x8d, 0x45,
    0xc8, 0xc6, 0x45, 0xfc, 0x08, 0x50, 0x8d, 0x45,
    0xe0, 0x8b, 0xce, 0x50, 0xe8, 0x6f, 0x7a, 0x0e,
    0x00, 0x8d, 0x4d, 0xc8, 0x88, 0x45, 0xc7, 0xc6,
    0x45, 0xfc, 0x01, 0xe8, 0x60, 0x62, 0xf6, 0xff,
    0x80, 0x7d, 0xc7, 0x00, 0x74, 0x44, 0x57, 0x8d,
    0x45, 0xe0, 0x50, 0x8d, 0x45, 0xa8, 0x50, 0xe8,
    0xbc, 0xf9, 0xff, 0xff, 0xf3, 0x0f, 0x2c, 0x45,
    0xb8, 0x83, 0xc4, 0x0c, 0x57, 0x6a, 0x01, 0xf3,
    0x0f, 0x2c, 0x75, 0xc0, 0x2b, 0x45, 0xb0, 0x2b,
    0x45, 0xb4, 0x50, 0x0f, 0x10, 0x45, 0xe0, 0x8b,
    0xc6, 0x2b, 0x45, 0xac, 0x50, 0xff, 0x75, 0x98,
    0x83, 0xec, 0x10, 0x8b, 0xc4, 0x0f, 0x11, 0x00,
    0xe8, 0x9b, 0xe2, 0xff, 0xff, 0x83, 0xc4, 0x24,
    0xeb, 0x05, 0xf3, 0x0f, 0x2c, 0x75, 0xc0, 0xe8,
    0x1c, 0x1f, 0x07, 0x00, 0xd9, 0x5d, 0xb8, 0xf3,
    0x0f, 0x2c, 0x45, 0xb8, 0x6a, 0x10, 0x05, 0x40,
    0xff, 0xff, 0xff, 0x50, 0x6a, 0x00, 0x8d, 0x45,
    0xe0, 0x68, 0xb0, 0x00, 0x00, 0x00, 0x50, 0xe8,
    0x4c, 0x02, 0x09, 0x00, 0x83, 0xc4, 0x04, 0x8b,
    0xcc, 0x0f, 0x10, 0x00, 0xff, 0x35, 0xa8, 0xc7,
    0x95, 0x00, 0x0f, 0x11, 0x01, 0xe8, 0x86, 0xc9,
    0x07, 0x00, 0x6a, 0x20, 0x68, 0x8c, 0x5e, 0x84,
    0x00, 0xff, 0x35, 0xa8, 0xc7, 0x95, 0x00, 0xe8,
    0x54, 0xce, 0x07, 0x00, 0x83, 0xc4, 0x20, 0x85,
    0xc0, 0x0f, 0x84, 0x4f, 0x01, 0x00, 0x00, 0x68,
    0xe8, 0x03, 0x00, 0x00, 0x51, 0xc7, 0x04, 0x24,
    0x00, 0x00, 0x00, 0x00, 0x6a, 0x01, 0xff, 0x35,
    0xa8, 0xc7, 0x95, 0x00, 0xe8, 0x8f, 0xc8, 0x07,
    0x00, 0xf3, 0x0f, 0x2c, 0x45, 0xb8, 0x8b, 0x0d,
    0xc0, 0x4c, 0x96, 0x00, 0x83, 0xc4, 0x10, 0xc7,
    0x45, 0xe0, 0x00, 0x00, 0x00, 0x00, 0xc7, 0x45,
    0xe4, 0x00, 0x00, 0x00, 0x00, 0xc7, 0x45, 0xec,
    0x00, 0x00, 0x60, 0x41, 0x05, 0x40, 0xff, 0xff,
    0xff, 0x66, 0x0f, 0x6e, 0xc0, 0x05, 0xd4, 0xfe,
    0xff, 0xff, 0x0f, 0x5b, 0xc0, 0xf3, 0x0f, 0x11,
    0x45, 0xe8, 0xf7, 0xc1, 0x00, 0x00, 0x00, 0x02,
    0x74, 0x04, 0x33, 0xc0, 0xeb, 0x0d, 0xf7, 0xc1,
    0x00, 0x00, 0x00, 0x04, 0x75, 0x05, 0x99, 0x2b,
    0xc2, 0xd1, 0xf8, 0x0f, 0x10, 0x45, 0xe0, 0x57,
    0xff, 0x35, 0x80, 0x47, 0x93, 0x00, 0x0f, 0x11,
    0x45, 0xe0, 0x6a, 0x00, 0x66, 0x0f, 0x6e, 0xc0,
    0x0f, 0x57, 0xc9, 0x0f, 0x5b, 0xc0, 0x6a, 0x04,
    0x6a, 0x00, 0x83, 0xec, 0x10, 0xc7, 0x45, 0xe8,
    0x00, 0x00, 0x96, 0x43, 0x8b, 0xc4, 0xf3, 0x0f,
    0x58, 0xc1, 0xf3, 0x0f, 0x11, 0x45, 0xe0, 0x0f,
    0x10, 0x45, 0xe0, 0x0f, 0x11, 0x00, 0xe8, 0x8d,
    0xd1, 0xff, 0xff, 0x0f, 0x10, 0x45, 0xe0, 0x83,
    0xc4, 0x24, 0x57, 0xff, 0x35, 0x7c, 0x47, 0x93,
    0x00, 0x6a, 0x01, 0x6a, 0x04, 0x6a, 0x01, 0x83,
    0xec, 0x10, 0x8b, 0xc4, 0x0f, 0x11, 0x00, 0xe8,
    0x6c, 0xd1, 0xff, 0xff, 0x0f, 0x10, 0x45, 0xe0,
    0x83, 0xc4, 0x24, 0x57, 0xff, 0x35, 0x84, 0x47,
    0x93, 0x00, 0x6a, 0x02, 0x6a, 0x04, 0x6a, 0x02,
    0x83, 0xec, 0x10, 0x8b, 0xc4, 0x0f, 0x11, 0x00,
    0xe8, 0x4b, 0xd1, 0xff, 0xff, 0x0f, 0xb6, 0x0d,
    0xcd, 0x8c, 0x91, 0x00, 0x83, 0xc4, 0x24, 0x0f,
    0xb7, 0x04, 0x4d, 0xac, 0xb6, 0x91, 0x00, 0x0f,
    0xb7, 0x14, 0x4d, 0x8c, 0xb3, 0x91, 0x00, 0x2b,
    0xd0, 0x0f, 0xb7, 0x04, 0x4d, 0x0c, 0xb5, 0x91,
    0x00, 0xb9, 0xc8, 0x00, 0x00, 0x00, 0x66, 0x3b,
    0xc8, 0x73, 0x02, 0x8b, 0xc1, 0x0f, 0x10, 0x45,
    0xe0, 0x57, 0x50, 0x52, 0x6a, 0x04, 0x6a, 0x03,
    0x83, 0xec, 0x10, 0x8b, 0xc4, 0x0f, 0x11, 0x00,
    0xe8, 0x03, 0xd5, 0xff, 0xff, 0xff, 0x35, 0xa8,
    0xc7, 0x95, 0x00, 0xe8, 0x98, 0xc8, 0x07, 0x00,
    0xff, 0x35, 0xa8, 0xc7, 0x95, 0x00, 0xe8, 0x3d,
    0xce, 0x07, 0x00, 0x83, 0xc4, 0x2c, 0xf3, 0x0f,
    0x2c, 0x45, 0xb8, 0x6a, 0x10, 0x05, 0x40, 0xff,
    0xff, 0xff, 0x50, 0x8d, 0x46, 0xf0, 0x50, 0x8d,
    0x45, 0xe0, 0x68, 0xb0, 0x00, 0x00, 0x00, 0x50,
    0xe8, 0xab, 0x00, 0x09, 0x00, 0x83, 0xc4, 0x04,
    0x8b, 0xcc, 0x0f, 0x10, 0x00, 0xff, 0x35, 0xa8,
    0xc7, 0x95, 0x00, 0x0f, 0x11, 0x01, 0xe8, 0xe5,
    0xc7, 0x07, 0x00, 0x6a, 0x20, 0x68, 0x98, 0x5e,
    0x84, 0x00, 0xff, 0x35, 0xa8, 0xc7, 0x95, 0x00,
    0xe8, 0xb3, 0xcc, 0x07, 0x00, 0x83, 0xc4, 0x20,
    0x85, 0xc0, 0x74, 0x0e, 0xff, 0x35, 0xa8, 0xc7,
    0x95, 0x00, 0xe8, 0xe1, 0xcd, 0x07, 0x00, 0x83,
    0xc4, 0x04, 0xf3, 0x0f, 0x2c, 0x45, 0xb8, 0x56,
    0x6a, 0x10, 0x6a, 0x00, 0x83, 0xc0, 0xf0, 0x50,
    0x8d, 0x45, 0xe0, 0x50, 0xe8, 0x57, 0x00, 0x09,
    0x00, 0x83, 0xc4, 0x04, 0x8b, 0xcc, 0x0f, 0x10,
    0x00, 0xff, 0x35, 0xa8, 0xc7, 0x95, 0x00, 0x0f,
    0x11, 0x01, 0xe8, 0x91, 0xc7, 0x07, 0x00, 0x6a,
    0x20, 0x68, 0x98, 0x55, 0x84, 0x00, 0xff, 0x35,
    0xa8, 0xc7, 0x95, 0x00, 0xe8, 0x5f, 0xcc, 0x07,
    0x00, 0x83, 0xc4, 0x20, 0x85, 0xc0, 0x74, 0x0e,
    0xff, 0x35, 0xa8, 0xc7, 0x95, 0x00, 0xe8, 0x8d,
    0xcd, 0x07, 0x00, 0x83, 0xc4, 0x04, 0x68, 0xa0,
    0x00, 0x00, 0x00, 0x68, 0xbc, 0x00, 0x00, 0x00,
    0x6a, 0x00, 0x8d, 0x45, 0xe0, 0x6a, 0x00, 0x50,
    0xe8, 0x03, 0x00, 0x09, 0x00, 0x83, 0xc4, 0x04,
    0x8b, 0xcc, 0x0f, 0x10, 0x00, 0xff, 0x35, 0xa8,
    0xc7, 0x95, 0x00, 0x0f, 0x11, 0x01, 0xe8, 0x3d,
    0xc7, 0x07, 0x00, 0x6a, 0x20, 0x68, 0xa0, 0x5e,
    0x84, 0x00, 0xff, 0x35, 0xa8, 0xc7, 0x95, 0x00,
    0xe8, 0x0b, 0xcc, 0x07, 0x00, 0x83, 0xc4, 0x20,
    0x85, 0xc0, 0x0f, 0x84, 0xaf, 0x00, 0x00, 0x00,
    0x68, 0xe8, 0x03, 0x00, 0x00, 0x51, 0xc7, 0x04,
    0x24, 0x00, 0x00, 0x00, 0x00, 0x6a, 0x01, 0xff,
    0x35, 0xa8, 0xc7, 0x95, 0x00, 0xe8, 0x46, 0xc6,
    0x07, 0x00, 0x57, 0xe8, 0xe0, 0xda, 0xff, 0xff,
    0x83, 0xc4, 0x04, 0x8d, 0x45, 0xe0, 0xc7, 0x44,
    0x24, 0x0c, 0x00, 0x00, 0x00, 0x43, 0xc7, 0x44,
    0x24, 0x08, 0x00, 0x00, 0x00, 0x43, 0xc7, 0x44,
    0x24, 0x04, 0x00, 0x00, 0xd0, 0x41, 0xc7, 0x04,
    0x24, 0x00, 0x00, 0xc0, 0x41, 0x50, 0xe8, 0x15,
    0xff, 0x08, 0x00, 0x83, 0xc4, 0x04, 0x8b, 0xcc,
    0x0f, 0x10, 0x00, 0xff, 0x35, 0xa8, 0xc7, 0x95,
    0x00, 0x0f, 0x11, 0x01, 0xe8, 0xbf, 0xc6, 0x07,
    0x00, 0x83, 0xc4, 0x14, 0x80, 0x7d, 0xbf, 0x00,
    0x74, 0x07, 0xe8, 0xf1, 0xe8, 0xfd, 0xff, 0xeb,
    0x05, 0xe8, 0xaa, 0xe8, 0xfd, 0xff, 0x50, 0x8d,
    0x45, 0xe0, 0x50, 0xe8, 0x00, 0xee, 0x08, 0x00,
    0x83, 0xec, 0x08, 0x8b, 0xcc, 0x0f, 0x10, 0x00,
    0xff, 0x35, 0xa8, 0xc7, 0x95, 0x00, 0x0f, 0x11,
    0x01, 0xe8, 0x1a, 0xf0, 0x07, 0x00, 0xff, 0x35,
    0xa8, 0xc7, 0x95, 0x00, 0xe8, 0xef, 0xc6, 0x07,
    0x00, 0xff, 0x35, 0xa8, 0xc7, 0x95, 0x00, 0xe8,
    0x94, 0xcc, 0x07, 0x00, 0x83, 0xc4, 0x1c, 0x68,
    0xb0, 0x00, 0x00, 0x00, 0x68, 0xbc, 0x00, 0x00,
    0x00, 0x68, 0xa0, 0x00, 0x00, 0x00, 0x8d, 0x45,
    0xe0, 0x6a, 0x00, 0x50, 0xe8, 0x07, 0xff, 0x08,
    0x00, 0x83, 0xc4, 0x04, 0x8b, 0xcc, 0x0f, 0x10,
    0x00, 0xff, 0x35, 0xa8, 0xc7, 0x95, 0x00, 0x0f,
    0x11, 0x01, 0xe8, 0x41, 0xc6, 0x07, 0x00, 0x6a,
    0x20, 0x68, 0xa8, 0x5e, 0x84, 0x00, 0xff, 0x35,
    0xa8, 0xc7, 0x95, 0x00, 0xe8, 0x0f, 0xcb, 0x07,
    0x00, 0x83, 0xc4, 0x20, 0x85, 0xc0, 0x0f, 0x84,
    0x15, 0x01, 0x00, 0x00, 0x68, 0xe8, 0x03, 0x00,
    0x00, 0x51, 0xc7, 0x04, 0x24, 0x00, 0x00, 0x00,
    0x00, 0x6a, 0x01, 0xff, 0x35, 0xa8, 0xc7, 0x95,
    0x00, 0xe8, 0x4a, 0xc5, 0x07, 0x00, 0x8a, 0x0d,
    0xea, 0x42, 0x93, 0x00, 0x83, 0xc4, 0x10, 0xf7,
    0x05, 0xc0, 0x4c, 0x96, 0x00, 0x00, 0x00, 0x00,
    0x10, 0x75, 0x0a, 0xbe, 0x03, 0x00, 0x00, 0x00,
    0x80, 0xf9, 0x09, 0x76, 0x05, 0xbe, 0x04, 0x00,
    0x00, 0x00, 0x8b, 0x15, 0xf0, 0x42, 0x93, 0x00,
    0x80, 0xf9, 0x01, 0x0f, 0x87, 0x9a, 0x00, 0x00,
    0x00, 0x85, 0xd2, 0x74, 0x29, 0xa1, 0xec, 0x42,
    0x93, 0x00, 0x0f, 0xb6, 0x40, 0x27, 0xf7, 0x04,
    0x85, 0xf0, 0x85, 0x91, 0x00, 0x00, 0x04, 0x00,
    0x00, 0x74, 0x13, 0x52, 0xe8, 0x77, 0x69, 0xfb,
    0xff, 0x83, 0xc4, 0x04, 0x85, 0xc0, 0x75, 0x73,
    0x8a, 0x0d, 0xea, 0x42, 0x93, 0x00, 0x80, 0xf9,
    0x01, 0x75, 0x78, 0x83, 0xec, 0x10, 0x8d, 0x45,
    0xe0, 0xc7, 0x44, 0x24, 0x0c, 0x00, 0x00, 0x26,
    0x43, 0xc7, 0x44, 0x24, 0x08, 0x00, 0x00, 0x26,
    0x43, 0xc7, 0x44, 0x24, 0x04, 0x00, 0x00, 0xa0,
    0x40, 0xc7, 0x04, 0x24, 0x00, 0x00, 0xa0, 0x40,
    0x50, 0xe8, 0xba, 0xfd, 0x08, 0x00, 0x8b, 0x0d,
    0xec, 0x42, 0x93, 0x00, 0x83, 0xc4, 0x14, 0x0f,
    0xb6, 0x49, 0x27, 0x8b, 0x14, 0x8d, 0x48, 0x9f,
    0x8c, 0x00, 0x85, 0xd2, 0x74, 0x11, 0x0f, 0x10,
    0x00, 0x57, 0x83, 0xec, 0x10, 0x8b, 0xcc, 0x0f,
    0x11, 0x01, 0xff, 0xd2, 0x83, 0xc4, 0x14, 0x57,
    0x56, 0x6a, 0x03, 0x6a, 0x05, 0x6a, 0x05, 0x6a,
    0x00, 0xe8, 0x32, 0xe9, 0xff, 0xff, 0x83, 0xc4,
    0x18, 0xeb, 0x10, 0x57, 0x56, 0x6a, 0x03, 0x6a,
    0x05, 0x6a, 0x05, 0xe8, 0x70, 0xec, 0xff, 0xff,
    0x83, 0xc4, 0x14, 0xff, 0x35, 0xa8, 0xc7, 0x95,
    0x00, 0xe8, 0x92, 0xc5, 0x07, 0x00, 0xff, 0x35,
    0xa8, 0xc7, 0x95, 0x00, 0xe8, 0x37, 0xcb, 0x07,
    0x00, 0xf3, 0x0f, 0x2c, 0x75, 0xc0, 0x83, 0xc4,
    0x08, 0x68, 0x90, 0x00, 0x00, 0x00, 0x68, 0xbc,
    0x00, 0x00, 0x00, 0x33, 0xc0, 0x68, 0x50, 0x01,
    0x00, 0x00, 0x50, 0x89, 0x45, 0xb0, 0x8d, 0x45,
    0xe0, 0x50, 0xe8, 0xa1, 0xfd, 0x08, 0x00, 0x83,
    0xc4, 0x04, 0x8b, 0xcc, 0x0f, 0x10, 0x00, 0xff,
    0x35, 0xa8, 0xc7, 0x95, 0x00, 0x0f, 0x11, 0x01,
    0xe8, 0xdb, 0xc4, 0x07, 0x00, 0x6a, 0x20, 0x68,
    0xb0, 0x5e, 0x84, 0x00, 0xff, 0x35, 0xa8, 0xc7,
    0x95, 0x00, 0xe8, 0xa9, 0xc9, 0x07, 0x00, 0x83,
    0xc4, 0x20, 0x85, 0xc0, 0x74, 0x3c, 0x68, 0xe8,
    0x03, 0x00, 0x00, 0x51, 0xc7, 0x04, 0x24, 0x00,
    0x00, 0x00, 0x00, 0x6a, 0x01, 0xff, 0x35, 0xa8,
    0xc7, 0x95, 0x00, 0xe8, 0xe8, 0xc3, 0x07, 0x00,
    0x57, 0xe8, 0x42, 0xca, 0xff, 0xff, 0xff, 0x35,
    0xa8, 0xc7, 0x95, 0x00, 0x89, 0x45, 0xb0, 0xe8,
    0x04, 0xc5, 0x07, 0x00, 0xff, 0x35, 0xa8, 0xc7,
    0x95, 0x00, 0xe8, 0xa9, 0xca, 0x07, 0x00, 0x83,
    0xc4, 0x1c, 0x80, 0x3d, 0x96, 0xc5, 0x91, 0x00,
    0x00, 0x8d, 0x46, 0xe0, 0x89, 0x45, 0xac, 0x0f,
    0x85, 0x03, 0x01, 0x00, 0x00, 0x0f, 0xb6, 0x05,
    0xbe, 0x47, 0x93, 0x00, 0x48, 0x83, 0xf8, 0x06,
    0x0f, 0x87, 0x9c, 0x00, 0x00, 0x00, 0xff, 0x24,
    0x85, 0xcc, 0x02, 0x53, 0x00, 0xbe, 0xf0, 0x5d,
    0x84, 0x00, 0x6a, 0x06, 0xff, 0x35, 0x88, 0x47,
    0x93, 0x00, 0xe8, 0x09, 0x30, 0xf7, 0xff, 0x83,
    0xc4, 0x08, 0x8b, 0x40, 0x14, 0x89, 0x45, 0xc0,
    0x56, 0xe8, 0xea, 0xa9, 0x05, 0x00, 0xff, 0x75,
    0xc0, 0x50, 0xe8, 0x51, 0x4a, 0x0e, 0x00, 0x83,
    0xc4, 0x0c, 0xeb, 0x70, 0xbe, 0xb8, 0xfc, 0x83,
    0x00, 0xeb, 0xcf, 0xbe, 0x00, 0x5e, 0x84, 0x00,
    0xeb, 0xc8, 0xbe, 0xc8, 0xfc, 0x83, 0x00, 0xeb,
    0xc1, 0xbe, 0xa8, 0xfc, 0x83, 0x00, 0xeb, 0xba,
    0x0f, 0xb6, 0x05, 0xeb, 0x8b, 0x91, 0x00, 0xbe,
    0x10, 0x5e, 0x84, 0x00, 0x6b, 0xc0, 0x26, 0x6a,
    0x06, 0xff, 0x35, 0x88, 0x47, 0x93, 0x00, 0x05,
    0x6d, 0x62, 0x91, 0x00, 0x89, 0x45, 0xb4, 0xe8,
    0xac, 0x2f, 0xf7, 0xff, 0x83, 0xc4, 0x08, 0x83,
    0x7d, 0xb4, 0x00, 0x8b, 0x40, 0x14, 0x89, 0x45,
    0xc0, 0x74, 0x9d, 0x56, 0xe8, 0x87, 0xa9, 0x05,
    0x00, 0xff, 0x75, 0xc0, 0xff, 0x75, 0xb4, 0x50,
    0xe8, 0xeb, 0x49, 0x0e, 0x00, 0x83, 0xc4, 0x10,
    0xeb, 0x0a, 0x6a, 0x00, 0xe8, 0xdf, 0x49, 0x0e,
    0x00, 0x83, 0xc4, 0x04, 0x8b, 0x75, 0xac, 0x8d,
    0x46, 0xf4, 0x50, 0x68, 0x26, 0x01, 0x00, 0x00,
    0x6a, 0x16, 0x8d, 0x45, 0xe0, 0x68, 0xb6, 0x00,
    0x00, 0x00, 0x50, 0xe8, 0x50, 0xfc, 0x08, 0x00,
    0x83, 0xc4, 0x14, 0x0f, 0x10, 0x00, 0x6a, 0x10,
    0x83, 0xec, 0x10, 0x8b, 0xcc, 0xff, 0x35, 0xa8,
    0xc7, 0x95, 0x00, 0x0f, 0x11, 0x01, 0xe8, 0x55,
    0x4a, 0x0e, 0x00, 0x8b, 0x45, 0xb0, 0x83, 0xc4,
    0x18, 0x85, 0xc0, 0x74, 0x0b, 0x57, 0x56, 0x50,
    0xe8, 0xa3, 0xde, 0xff, 0xff, 0x83, 0xc4, 0x0c,
    0x80, 0x3d, 0x5b, 0x2f, 0x92, 0x00, 0x00, 0x0f,
    0x85, 0x94, 0x00, 0x00, 0x00, 0x80, 0x3d, 0xce,
    0x8c, 0x91, 0x00, 0x00, 0x0f, 0x85, 0x87, 0x00,
    0x00, 0x00, 0xf6, 0x05, 0xc0, 0x4c, 0x96, 0x00,
    0x20, 0x75, 0x7e, 0x68, 0xe6, 0x00, 0x00, 0x00,
    0xff, 0x35, 0xa8, 0xc7, 0x95, 0x00, 0xe8, 0x6d,
    0x5e, 0x01, 0x00, 0xc1, 0xe0, 0x04, 0x50, 0x68,
    0xe6, 0x00, 0x00, 0x00, 0x6a, 0x18, 0x8d, 0x45,
    0xa0, 0x68, 0xb8, 0x00, 0x00, 0x00, 0x50, 0xe8,
    0xd4, 0xfb, 0x08, 0x00, 0x83, 0xc4, 0x0c, 0x8b,
    0xcc, 0x0f, 0x10, 0x00, 0xff, 0x35, 0xa8, 0xc7,
    0x95, 0x00, 0x0f, 0x11, 0x01, 0xe8, 0x0e, 0xc3,
    0x07, 0x00, 0x6a, 0x20, 0x68, 0xb8, 0x5e, 0x84,
    0x00, 0xff, 0x35, 0xa8, 0xc7, 0x95, 0x00, 0xe8,
    0xdc, 0xc7, 0x07, 0x00, 0x83, 0xc4, 0x20, 0x85,
    0xc0, 0x74, 0x26, 0x51, 0xc7, 0x04, 0x24, 0x00,
    0x00, 0x80, 0x41, 0x68, 0xe6, 0x00, 0x00, 0x00,
    0xff, 0x35, 0xa8, 0xc7, 0x95, 0x00, 0xe8, 0x4d,
    0x55, 0x01, 0x00, 0xff, 0x35, 0xa8, 0xc7, 0x95,
    0x00, 0xe8, 0xf2, 0xc8, 0x07, 0x00, 0x83, 0xc4,
    0x10, 0xff, 0x35, 0xa8, 0xc7, 0x95, 0x00, 0xe8,
    0x34, 0xc3, 0x07, 0x00, 0xff, 0x35, 0xa8, 0xc7,
    0x95, 0x00, 0xe8, 0x49, 0xa5, 0x07, 0x00, 0x83,
    0xc4, 0x08, 0x8d, 0x8d, 0x7c, 0xff, 0xff, 0xff,
    0xe8, 0x8b, 0x52, 0x0c, 0x00, 0x8d, 0x8d, 0x70,
    0xff, 0xff, 0xff, 0xe8, 0x20, 0x53, 0x0c, 0x00,
    0x8b, 0x4d, 0xf4, 0x64, 0x89, 0x0d, 0x00, 0x00,
    0x00, 0x00, 0x59, 0x5f, 0x5e, 0x8b, 0x4d, 0xf0,
    0x33, 0xcd, 0xe8, 0x1e, 0x8f, 0x2b, 0x00, 0x8b,
    0xe5, 0x5d, 0xc3,
};
const RelocSlot kRelInMatchHUDBuilder[] = {
    {6, 0x008246f3},
    {24, 0x0090d6c0},
    {59, 0x00965174},
    {64, 0x0095c7a8},
    {69, 0x00965180},
    {76, 0x00965178},
    {81, 0x0095c7a8},
    {86, 0x00965490},
    {91, 0x0095c7ac},
    {102, 0x0095c7b0},
    {121, 0x008c03c8},
    {128, 0x0095c99c},
    {135, 0x0095c998},
    {143, 0x008c03c8},
    {150, 0x0095c994},
    {157, 0x0095c990},
    {163, 0x0095c7ac},
    {175, 0x0095c974},
    {186, 0x0095c7ac},
    {271, 0x00845e24},
    {277, 0x0095c7a8},
    {317, 0x0095c7a8},
    {351, 0x009342ea},
    {357, 0x00845e3c},
    {362, 0x00845e30},
    {525, 0x0095c7a8},
    {548, 0x0095c7a8},
    {570, 0x00845e44},
    {660, 0x00845e54},
    {765, 0x0095c7a8},
    {788, 0x0095c7a8},
    {804, 0x00845e60},
    {912, 0x0095c7a8},
    {935, 0x0095c7a8},
    {951, 0x00845e6c},
    {1065, 0x0095c7a8},
    {1088, 0x0095c7a8},
    {1104, 0x00845e78},
    {1221, 0x00845e80},
    {1314, 0x00845e84},
    {1486, 0x0095c7a8},
    {1501, 0x00845e8c},
    {1507, 0x0095c7a8},
    {1544, 0x0095c7a8},
    {1560, 0x00964cc0},
    {1642, 0x00934780},
    {1709, 0x0093477c},
    {1742, 0x00934784},
    {1768, 0x00918ccd},
    {1779, 0x0091b6ac},
    {1787, 0x0091b38c},
    {1797, 0x0091b50c},
    {1839, 0x0095c7a8},
    {1850, 0x0095c7a8},
    {1903, 0x0095c7a8},
    {1918, 0x00845e98},
    {1924, 0x0095c7a8},
    {1942, 0x0095c7a8},
    {1987, 0x0095c7a8},
    {2002, 0x00845598},
    {2008, 0x0095c7a8},
    {2026, 0x0095c7a8},
    {2071, 0x0095c7a8},
    {2086, 0x00845ea0},
    {2092, 0x0095c7a8},
    {2129, 0x0095c7a8},
    {2197, 0x0095c7a8},
    {2250, 0x0095c7a8},
    {2264, 0x0095c7a8},
    {2275, 0x0095c7a8},
    {2323, 0x0095c7a8},
    {2338, 0x00845ea8},
    {2344, 0x0095c7a8},
    {2381, 0x0095c7a8},
    {2392, 0x009342ea},
    {2401, 0x00964cc0},
    {2428, 0x009342f0},
    {2446, 0x009342ec},
    {2457, 0x009185f0},
    {2482, 0x009342ea},
    {2536, 0x009342ec},
    {2550, 0x008c9f48},
    {2613, 0x0095c7a8},
    {2624, 0x0095c7a8},
    {2681, 0x0095c7a8},
    {2696, 0x00845eb0},
    {2702, 0x0095c7a8},
    {2735, 0x0095c7a8},
    {2752, 0x0095c7a8},
    {2766, 0x0095c7a8},
    {2780, 0x0091c596},
    {2800, 0x009347be},
    {2817, 0x005302cc},
    {2822, 0x00845df0},
    {2830, 0x00934788},
    {2869, 0x0083fcb8},
    {2876, 0x00845e00},
    {2883, 0x0083fcc8},
    {2890, 0x0083fca8},
    {2899, 0x00918beb},
    {2904, 0x00845e10},
    {2915, 0x00934788},
    {2920, 0x0091626d},
    {3023, 0x0095c7a8},
    {3058, 0x00922f5b},
    {3071, 0x00918cce},
    {3084, 0x00964cc0},
    {3098, 0x0095c7a8},
    {3142, 0x0095c7a8},
    {3157, 0x00845eb8},
    {3163, 0x0095c7a8},
    {3194, 0x0095c7a8},
    {3205, 0x0095c7a8},
    {3219, 0x0095c7a8},
    {3230, 0x0095c7a8},
};

const uint8_t kSigEditControlRefusesTypingWhilePaused[] = {
    0x55, 0x8b, 0xec, 0x56, 0x57, 0x8b, 0x7d, 0x0c,
    0x0f, 0xb7, 0x07, 0x83, 0xf8, 0x0b, 0x0f, 0x87,
    0x8e, 0x01, 0x00, 0x00, 0x0f, 0xb6, 0x80, 0x08,
    0x65, 0x4a, 0x00, 0xff, 0x24, 0x85, 0xf8, 0x64,
    0x4a, 0x00, 0x0f, 0xb7, 0x47, 0x02, 0x8b, 0x75,
    0x08, 0x83, 0xe8, 0x01, 0x74, 0x3b, 0x83, 0xe8,
    0x06, 0x74, 0x47, 0x83, 0xe8, 0x04, 0x75, 0x5a,
    0x50, 0x6a, 0x24, 0x68, 0x68, 0x81, 0x83, 0x00,
    0x68, 0xff, 0x00, 0x00, 0x00, 0xe8, 0x56, 0x6c,
    0x0a, 0x00, 0x89, 0x46, 0x14, 0x57, 0x56, 0xc6,
    0x00, 0x00, 0xc7, 0x46, 0x36, 0x00, 0x00, 0x00,
    0x00, 0xc6, 0x46, 0x3c, 0x00, 0xe8, 0xde, 0xc8,
    0xff, 0xff, 0x83, 0xc4, 0x08, 0x5f, 0x5e, 0x5d,
    0xc3, 0x6a, 0x00, 0x6a, 0x30, 0x68, 0x68, 0x81,
    0x83, 0x00, 0xff, 0x76, 0x14, 0xe8, 0x56, 0x74,
    0x0a, 0x00, 0x80, 0x7e, 0x3c, 0x00, 0x74, 0x12,
    0xe8, 0xcb, 0x11, 0x0e, 0x00, 0x56, 0xe8, 0xa5,
    0xe7, 0xff, 0xff, 0x83, 0xc4, 0x04, 0xc6, 0x46,
    0x3c, 0x00, 0x57, 0x56, 0xe8, 0xa7, 0xc8, 0xff,
    0xff, 0x83, 0xc4, 0x08, 0x5f, 0x5e, 0x5d, 0xc3,
    0xf6, 0x47, 0x0d, 0x0c, 0x0f, 0x85, 0xf8, 0x00,
    0x00, 0x00, 0x80, 0x7f, 0x0c, 0x0e, 0x75, 0x44,
    0x8b, 0x75, 0x08, 0x6a, 0x01, 0x56, 0xe8, 0x75,
    0x02, 0x00, 0x00, 0x8b, 0x56, 0x14, 0x83, 0xc4,
    0x08, 0x8b, 0xca, 0x8d, 0x79, 0x01, 0x8a, 0x01,
    0x41, 0x84, 0xc0, 0x75, 0xf9, 0x2b, 0xcf, 0x0f,
    0x84, 0xc4, 0x00, 0x00, 0x00, 0x88, 0x44, 0x0a,
    0xff, 0x38, 0x46, 0x37, 0x74, 0x04, 0xc6, 0x46,
    0x36, 0x01, 0x56, 0xe8, 0xa8, 0xd5, 0xff, 0xff,
    0x83, 0xc4, 0x04, 0xb8, 0x01, 0x00, 0x00, 0x00,
    0x5f, 0x5e, 0x5d, 0xc3, 0x80, 0x7f, 0x0e, 0x00,
    0x0f, 0x84, 0xa4, 0x00, 0x00, 0x00, 0x8b, 0x75,
    0x08, 0x53, 0x56, 0xe8, 0x18, 0xe7, 0xff, 0xff,
    0x0f, 0xb6, 0x47, 0x0e, 0x50, 0xe8, 0x9e, 0xff,
    0x0d, 0x00, 0x8b, 0xd8, 0x83, 0xc4, 0x08, 0x85,
    0xdb, 0x74, 0x52, 0x6a, 0x01, 0x56, 0xe8, 0x0d,
    0x02, 0x00, 0x00, 0x83, 0xc4, 0x08, 0x80, 0x3d,
    0x96, 0xc5, 0x91, 0x00, 0x01, 0x74, 0x3e, 0x8b,
    0x56, 0x14, 0x8b, 0xca, 0x8d, 0x41, 0x01, 0x89,
    0x45, 0x0c, 0x66, 0x0f, 0x1f, 0x44, 0x00, 0x00,
    0x8a, 0x01, 0x41, 0x84, 0xc0, 0x75, 0xf9, 0x2b,
    0x4d, 0x0c, 0x81, 0xf9, 0xfe, 0x00, 0x00, 0x00,
    0x7d, 0x1b, 0x8a, 0x47, 0x0e, 0x88, 0x04, 0x0a,
    0x8b, 0x46, 0x14, 0x56, 0xc6, 0x44, 0x08, 0x01,
    0x00, 0xc6, 0x46, 0x36, 0x01, 0xe8, 0x26, 0xd5,
    0xff, 0xff, 0x83, 0xc4, 0x04,
};
const RelocSlot kRelEditControlRefusesTypingWhilePaused[] = {
    {23, 0x004a6508},
    {30, 0x004a64f8},
    {60, 0x00838168},
    {110, 0x00838168},
    {296, 0x0091c596},
};

const uint8_t kSigPauseCommandHandler[] = {
    0x55, 0x8b, 0xec, 0x81, 0xec, 0x84, 0x00, 0x00,
    0x00, 0xa1, 0xc0, 0xd6, 0x90, 0x00, 0x33, 0xc5,
    0x89, 0x45, 0xfc, 0xa0, 0x96, 0xc5, 0x91, 0x00,
    0xa8, 0x01, 0x0f, 0x85, 0xb0, 0x00, 0x00, 0x00,
    0x83, 0x3d, 0x78, 0xc1, 0x91, 0x00, 0x00, 0xc6,
    0x05, 0xa1, 0x30, 0x92, 0x00, 0x01, 0x74, 0x26,
    0x80, 0x3d, 0x5b, 0x2f, 0x92, 0x00, 0x00, 0x74,
    0x1d, 0x0f, 0xb6, 0x15, 0x5a, 0x2f, 0x92, 0x00,
    0x8a, 0x8a, 0xfc, 0x97, 0x91, 0x00, 0x84, 0xc9,
    0x0f, 0x84, 0x82, 0x00, 0x00, 0x00, 0xfe, 0xc9,
    0x88, 0x8a, 0xfc, 0x97, 0x91, 0x00, 0x0c, 0x01,
    0x6a, 0x01, 0xa2, 0x96, 0xc5, 0x91, 0x00, 0xe8,
    0xac, 0x8e, 0x0c, 0x00, 0x83, 0xc4, 0x04, 0xe8,
    0xd4, 0xea, 0x00, 0x00, 0x83, 0x3d, 0x78, 0xc1,
    0x91, 0x00, 0x00, 0x74, 0x5b, 0x80, 0x3d, 0x5b,
    0x2f, 0x92, 0x00, 0x00, 0x74, 0x52, 0x56, 0x57,
    0x0f, 0xb6, 0x3d, 0x5a, 0x2f, 0x92, 0x00, 0x6a,
    0x56, 0x0f, 0xb6, 0xb7, 0xfc, 0x97, 0x91, 0x00,
    0xe8, 0xab, 0x85, 0xfe, 0xff, 0x8d, 0x0c, 0xfd,
    0x00, 0x00, 0x00, 0x00, 0x2b, 0xcf, 0x56, 0x8d,
    0x0c, 0xcd, 0xa8, 0xad, 0x91, 0x00, 0x51, 0x50,
    0x8d, 0x85, 0x7c, 0xff, 0xff, 0xff, 0x68, 0x80,
    0x00, 0x00, 0x00, 0x50, 0xe8, 0x27, 0x08, 0x0b,
    0x00, 0x6a, 0x00, 0x6a, 0x28, 0x8d, 0x85, 0x7c,
    0xff, 0xff, 0xff, 0x6a, 0x08, 0x50, 0xe8, 0x05,
    0xa4, 0xff, 0xff, 0x83, 0xc4, 0x28, 0x5f, 0x5e,
    0x8b, 0x4d, 0xfc, 0x33, 0xcd, 0xe8, 0x7b, 0x04,
    0x31, 0x00, 0x8b, 0xe5, 0x5d, 0xc3,
};
const RelocSlot kRelPauseCommandHandler[] = {
    {10, 0x0090d6c0},
    {20, 0x0091c596},
    {34, 0x0091c178},
    {41, 0x009230a1},
    {50, 0x00922f5b},
    {60, 0x00922f5a},
    {66, 0x009197fc},
    {82, 0x009197fc},
    {91, 0x0091c596},
    {110, 0x0091c178},
    {119, 0x00922f5b},
    {131, 0x00922f5a},
    {140, 0x009197fc},
    {162, 0x0091ada8},
};

const uint8_t kSigResumeCommandHandler[] = {
    0xa0, 0x96, 0xc5, 0x91, 0x00, 0xa8, 0x01, 0x74,
    0x60, 0x24, 0xfe, 0xc6, 0x05, 0xa1, 0x30, 0x92,
    0x00, 0x01, 0x6a, 0x00, 0xa2, 0x96, 0xc5, 0x91,
    0x00, 0xe8, 0x62, 0x8f, 0x0c, 0x00, 0x83, 0xc4,
    0x04, 0xe8, 0x8a, 0xeb, 0x00, 0x00, 0x83, 0x3d,
    0x78, 0xc1, 0x91, 0x00, 0x00, 0x74, 0x3a, 0x80,
    0x3d, 0x5b, 0x2f, 0x92, 0x00, 0x00, 0x74, 0x31,
    0x0f, 0xb6, 0x0d, 0x5a, 0x2f, 0x92, 0x00, 0x8d,
    0x04, 0xcd, 0x00, 0x00, 0x00, 0x00, 0x2b, 0xc1,
    0x8d, 0x04, 0xc5, 0xa8, 0xad, 0x91, 0x00, 0x50,
    0x68, 0x78, 0x0d, 0x84, 0x00, 0xe8, 0xa6, 0x1f,
    0x0b, 0x00, 0x6a, 0x00, 0x6a, 0x28, 0x6a, 0x08,
    0x50, 0xe8, 0xda, 0xa4, 0xff, 0xff, 0x83, 0xc4,
    0x18, 0xc3,
};
const RelocSlot kRelResumeCommandHandler[] = {
    {1, 0x0091c596},
    {13, 0x009230a1},
    {21, 0x0091c596},
    {40, 0x0091c178},
    {49, 0x00922f5b},
    {59, 0x00922f5a},
    {75, 0x0091ada8},
    {81, 0x00840d78},
};

const Signature kSignatures[] = {
    {"TransitionGameState", 0x004c48e0, kSigTransitionGameState, sizeof(kSigTransitionGameState), kRelTransitionGameState,
     sizeof(kRelTransitionGameState) / sizeof(RelocSlot)},
    {"pause menu selector", 0x00543968, kSigPauseMenuSelector, sizeof(kSigPauseMenuSelector), kRelPauseMenuSelector,
     sizeof(kRelPauseMenuSelector) / sizeof(RelocSlot)},
    {"LoadMapFileIntoMemory", 0x004d2670, kSigLoadMapFileIntoMemory, sizeof(kSigLoadMapFileIntoMemory), kRelLoadMapFileIntoMemory,
     sizeof(kRelLoadMapFileIntoMemory) / sizeof(RelocSlot)},
    {"game free", 0x0054d820, kSigGameFree, sizeof(kSigGameFree), nullptr, 0},
    {"ProcessNetworkTurn", 0x0049ea20, kSigProcessNetworkTurn, sizeof(kSigProcessNetworkTurn), nullptr, 0},
    {"ProcessLocalMatchTick", 0x004d8d70, kSigProcessLocalMatchTick, sizeof(kSigProcessLocalMatchTick), nullptr, 0},
    {"lobby build fn", 0x00527d90, kSigLobbyBuildFn, sizeof(kSigLobbyBuildFn), kRelLobbyBuildFn,
     sizeof(kRelLobbyBuildFn) / sizeof(RelocSlot)},
    {"lobby call site", 0x0052950a, kSigLobbyCallSite, sizeof(kSigLobbyCallSite), kRelLobbyCallSite,
     sizeof(kRelLobbyCallSite) / sizeof(RelocSlot)},
    {"nk ctx->current", 0x005ac550, kSigNkCtxCurrent, sizeof(kSigNkCtxCurrent), nullptr, 0},
    {"nk win->buffer", 0x005aef5f, kSigNkWinBuffer, sizeof(kSigNkWinBuffer), nullptr, 0},
    {"nk_fill_rect", 0x005c44a0, kSigNkFillRect, sizeof(kSigNkFillRect), nullptr, 0},
    {"gl create texture", 0x00615df3, kSigGlCreateTexture, sizeof(kSigGlCreateTexture), kRelGlCreateTexture,
     sizeof(kRelGlCreateTexture) / sizeof(RelocSlot)},
    {"gl texture storage", 0x00615e98, kSigGlTextureStorage, sizeof(kSigGlTextureStorage), kRelGlTextureStorage,
     sizeof(kRelGlTextureStorage) / sizeof(RelocSlot)},
    {"GameTexture layout", 0x00615f0b, kSigGameTextureLayout, sizeof(kSigGameTextureLayout), nullptr, 0},
    {"nk_draw_image", 0x005c4c06, kSigNkDrawImage, sizeof(kSigNkDrawImage), nullptr, 0},
    {"PushMapMessage", 0x00614a90, kSigPushMapMessage, sizeof(kSigPushMapMessage), kRelPushMapMessage,
     sizeof(kRelPushMapMessage) / sizeof(RelocSlot)},
    {"map message ring", 0x00614ac0, kSigMapMessageRing, sizeof(kSigMapMessageRing), kRelMapMessageRing,
     sizeof(kRelMapMessageRing) / sizeof(RelocSlot)},
    {"DrawMapMessageList", 0x00614f50, kSigDrawMapMessageList, sizeof(kSigDrawMapMessageList), kRelDrawMapMessageList,
     sizeof(kRelDrawMapMessageList) / sizeof(RelocSlot)},
    {"msg line call frame", 0x00614fe5, kSigMsgLineCallFrame, sizeof(kSigMsgLineCallFrame), kRelMsgLineCallFrame,
     sizeof(kRelMsgLineCallFrame) / sizeof(RelocSlot)},
    {"DrawMapMessageLine", 0x00614dd0, kSigDrawMapMessageLine, sizeof(kSigDrawMapMessageLine), kRelDrawMapMessageLine,
     sizeof(kRelDrawMapMessageLine) / sizeof(RelocSlot)},
    {"ResetMapMessageSlots", 0x006149e0, kSigResetMapMessageSlots, sizeof(kSigResetMapMessageSlots), kRelResetMapMessageSlots,
     sizeof(kRelResetMapMessageSlots) / sizeof(RelocSlot)},
    {"nk wrapped-line count", 0x00625730, kSigNkWrappedLineCount, sizeof(kSigNkWrappedLineCount), nullptr, 0},
    {"nk wrapped label", 0x005aeeb0, kSigNkWrappedLabel, sizeof(kSigNkWrappedLabel), nullptr, 0},
    {"nk content region", 0x005aad40, kSigNkContentRegion, sizeof(kSigNkContentRegion), nullptr, 0},
    {"nk ctx group padding", 0x00614fb5, kSigNkCtxGroupPadding, sizeof(kSigNkCtxGroupPadding), kRelNkCtxGroupPadding,
     sizeof(kRelNkCtxGroupPadding) / sizeof(RelocSlot)},
    {"nk ctx text colour", 0x00614f0d, kSigNkCtxTextColour, sizeof(kSigNkCtxTextColour), nullptr, 0},
    {"WriteStickyMapMessage", 0x00614b30, kSigWriteStickyMapMessage, sizeof(kSigWriteStickyMapMessage), kRelWriteStickyMapMessage,
     sizeof(kRelWriteStickyMapMessage) / sizeof(RelocSlot)},
    {"BuildMapMessagesPanel", 0x00614c20, kSigBuildMapMessagesPanel, sizeof(kSigBuildMapMessagesPanel), kRelBuildMapMessagesPanel,
     sizeof(kRelBuildMapMessagesPanel) / sizeof(RelocSlot)},
    {"DisplayChatOrGameMessage", 0x004d3160, kSigDisplayChatOrGameMessage, sizeof(kSigDisplayChatOrGameMessage), kRelDisplayChatOrGameMessage,
     sizeof(kRelDisplayChatOrGameMessage) / sizeof(RelocSlot)},
    {"player name table", 0x004d31ef, kSigPlayerNameTable, sizeof(kSigPlayerNameTable), kRelPlayerNameTable,
     sizeof(kRelPlayerNameTable) / sizeof(RelocSlot)},
    {"team colour reorder", 0x005252bb, kSigTeamColourReorder, sizeof(kSigTeamColourReorder), kRelTeamColourReorder,
     sizeof(kRelTeamColourReorder) / sizeof(RelocSlot)},
    {"team colour rgba table", 0x00514527, kSigTeamColourRgbaTable, sizeof(kSigTeamColourRgbaTable), kRelTeamColourRgbaTable,
     sizeof(kRelTeamColourRgbaTable) / sizeof(RelocSlot)},
    {"render palette pointer", 0x005153a0, kSigRenderPalettePointer, sizeof(kSigRenderPalettePointer), kRelRenderPalettePointer,
     sizeof(kRelRenderPalettePointer) / sizeof(RelocSlot)},
    {"ChatTextboxEventProc", 0x004e9470, kSigChatTextboxEventProc, sizeof(kSigChatTextboxEventProc), kRelChatTextboxEventProc,
     sizeof(kRelChatTextboxEventProc) / sizeof(RelocSlot)},
    {"ToggleChatComposeOrSubmit", 0x004ea320, kSigToggleChatComposeOrSubmit, sizeof(kSigToggleChatComposeOrSubmit), kRelToggleChatComposeOrSubmit,
     sizeof(kRelToggleChatComposeOrSubmit) / sizeof(RelocSlot)},
    {"MinimapTerrainKeyProc", 0x004e96f0, kSigMinimapTerrainKeyProc, sizeof(kSigMinimapTerrainKeyProc), kRelMinimapTerrainKeyProc,
     sizeof(kRelMinimapTerrainKeyProc) / sizeof(RelocSlot)},
    {"SendComposedChatToRecipients", 0x004ea590, kSigSendComposedChatToRecipients, sizeof(kSigSendComposedChatToRecipients), kRelSendComposedChatToRecipients,
     sizeof(kRelSendComposedChatToRecipients) / sizeof(RelocSlot)},
    {"WriteChatPromptLine", 0x00614b70, kSigWriteChatPromptLine, sizeof(kSigWriteChatPromptLine), kRelWriteChatPromptLine,
     sizeof(kRelWriteChatPromptLine) / sizeof(RelocSlot)},
    {"local player and alliance matrix", 0x004c33e0, kSigLocalPlayerAndAllianceMatrix, sizeof(kSigLocalPlayerAndAllianceMatrix), kRelLocalPlayerAndAllianceMatrix,
     sizeof(kRelLocalPlayerAndAllianceMatrix) / sizeof(RelocSlot)},
    {"player owner table", 0x0049c53e, kSigPlayerOwnerTable, sizeof(kSigPlayerOwnerTable), kRelPlayerOwnerTable,
     sizeof(kRelPlayerOwnerTable) / sizeof(RelocSlot)},
    {"lobby teams become alliances", 0x004d6c64, kSigLobbyTeamsBecomeAlliances, sizeof(kSigLobbyTeamsBecomeAlliances), kRelLobbyTeamsBecomeAlliances,
     sizeof(kRelLobbyTeamsBecomeAlliances) / sizeof(RelocSlot)},
    {"nk wrapped label body", 0x005aed39, kSigNkWrappedLabelBody, sizeof(kSigNkWrappedLabelBody), nullptr, 0},
    {"nk text wrap line loop", 0x005d2637, kSigNkTextWrapLineLoop, sizeof(kSigNkTextWrapLineLoop), kRelNkTextWrapLineLoop,
     sizeof(kRelNkTextWrapLineLoop) / sizeof(RelocSlot)},
    {"RebuildMouseCursors", 0x004b8000, kSigRebuildMouseCursors, sizeof(kSigRebuildMouseCursors), kRelRebuildMouseCursors,
     sizeof(kRelRebuildMouseCursors) / sizeof(RelocSlot)},
    {"ApplyGridKeysSetting", 0x004e86c0, kSigApplyGridKeysSetting, sizeof(kSigApplyGridKeysSetting), kRelApplyGridKeysSetting,
     sizeof(kRelApplyGridKeysSetting) / sizeof(RelocSlot)},
    {"ApplyUiScaleSetting", 0x005a1910, kSigApplyUiScaleSetting, sizeof(kSigApplyUiScaleSetting), kRelApplyUiScaleSetting,
     sizeof(kRelApplyUiScaleSetting) / sizeof(RelocSlot)},
    {"ApplyUiAspectSetting", 0x005a1960, kSigApplyUiAspectSetting, sizeof(kSigApplyUiAspectSetting), kRelApplyUiAspectSetting,
     sizeof(kRelApplyUiAspectSetting) / sizeof(RelocSlot)},
    {"ApplyDisplayModeSetting", 0x005a1250, kSigApplyDisplayModeSetting, sizeof(kSigApplyDisplayModeSetting), nullptr, 0},
    {"nk_combo_begin_label", 0x005b7440, kSigNkComboBeginLabel, sizeof(kSigNkComboBeginLabel), nullptr, 0},
    {"nk_combo_item_label", 0x005b7af0, kSigNkComboItemLabel, sizeof(kSigNkComboItemLabel), nullptr, 0},
    {"nk_combo_close", 0x005b7be0, kSigNkComboClose, sizeof(kSigNkComboClose), nullptr, 0},
    {"nk_combo_end", 0x005b7c00, kSigNkComboEnd, sizeof(kSigNkComboEnd), nullptr, 0},
    {"GetDisplayCount", 0x00674110, kSigGetDisplayCount, sizeof(kSigGetDisplayCount), kRelGetDisplayCount,
     sizeof(kRelGetDisplayCount) / sizeof(RelocSlot)},
    {"NuiBeginNamedGroup", 0x005aca30, kSigNuiBeginNamedGroup, sizeof(kSigNuiBeginNamedGroup), nullptr, 0},
    {"NuiLayoutRowDynamic", 0x005aba00, kSigNuiLayoutRowDynamic, sizeof(kSigNuiLayoutRowDynamic), nullptr, 0},
    {"NuiScrollNamedGroupTo", 0x005ad330, kSigNuiScrollNamedGroupTo, sizeof(kSigNuiScrollNamedGroupTo), nullptr, 0},
    {"nk_layout_space_begin", 0x005ac490, kSigNkLayoutSpaceBegin, sizeof(kSigNkLayoutSpaceBegin), nullptr, 0},
    {"nk_layout_space_end", 0x005ac5c0, kSigNkLayoutSpaceEnd, sizeof(kSigNkLayoutSpaceEnd), nullptr, 0},
    {"group end", 0x005acb70, kSigGroupEnd, sizeof(kSigGroupEnd), nullptr, 0},
    {"ExpireMapMessageIfDue", 0x00614da0, kSigExpireMapMessageIfDue, sizeof(kSigExpireMapMessageIfDue), nullptr, 0},
    {"GetMapMessageClockMs", 0x00625940, kSigGetMapMessageClockMs, sizeof(kSigGetMapMessageClockMs), nullptr, 0},
    {"nk scrollbar_size", 0x005ad029, kSigNkScrollbarSize, sizeof(kSigNkScrollbarSize), nullptr, 0},
    {"nk style.scrollv", 0x005d05e8, kSigNkStyleScrollv, sizeof(kSigNkStyleScrollv), nullptr, 0},
    {"nk style.scrollh", 0x005d0750, kSigNkStyleScrollh, sizeof(kSigNkStyleScrollh), nullptr, 0},
    {"nk_draw_scrollbar", 0x005d5ef0, kSigNkDrawScrollbar, sizeof(kSigNkDrawScrollbar), nullptr, 0},
    {"DrawMenuButton", 0x005453b0, kSigDrawMenuButton, sizeof(kSigDrawMenuButton), nullptr, 0},
    {"LookupLocalizedString", 0x0058ab00, kSigLookupLocalizedString, sizeof(kSigLookupLocalizedString), kRelLookupLocalizedString,
     sizeof(kRelLookupLocalizedString) / sizeof(RelocSlot)},
    {"settings slider", 0x00546250, kSigSettingsSlider, sizeof(kSigSettingsSlider), kRelSettingsSlider,
     sizeof(kRelSettingsSlider) / sizeof(RelocSlot)},
    {"settings checkbox", 0x005461d0, kSigSettingsCheckbox, sizeof(kSigSettingsCheckbox), kRelSettingsCheckbox,
     sizeof(kRelSettingsCheckbox) / sizeof(RelocSlot)},
    {"NuiDrawLabelWidget", 0x005aee20, kSigNuiDrawLabelWidget, sizeof(kSigNuiDrawLabelWidget), nullptr, 0},
    {"persist settings ini", 0x00589980, kSigPersistSettingsIni, sizeof(kSigPersistSettingsIni), nullptr, 0},
    {"ini settings table", 0x008cb498, kSigIniSettingsTable, sizeof(kSigIniSettingsTable), kRelIniSettingsTable,
     sizeof(kRelIniSettingsTable) / sizeof(RelocSlot)},
    {"apply music volume", 0x004f99f0, kSigApplyMusicVolume, sizeof(kSigApplyMusicVolume), kRelApplyMusicVolume,
     sizeof(kRelApplyMusicVolume) / sizeof(RelocSlot)},
    {"restart music track", 0x004f9d80, kSigRestartMusicTrack, sizeof(kSigRestartMusicTrack), kRelRestartMusicTrack,
     sizeof(kRelRestartMusicTrack) / sizeof(RelocSlot)},
    {"apply game speed", 0x004c4910, kSigApplyGameSpeed, sizeof(kSigApplyGameSpeed), kRelApplyGameSpeed,
     sizeof(kRelApplyGameSpeed) / sizeof(RelocSlot)},
    {"tab content_frame skin", 0x0054146b, kSigTabContentFrameSkin, sizeof(kSigTabContentFrameSkin), kRelTabContentFrameSkin,
     sizeof(kRelTabContentFrameSkin) / sizeof(RelocSlot)},
    {"BuildOptionsMenuScreen", 0x005429a0, kSigBuildOptionsMenuScreen, sizeof(kSigBuildOptionsMenuScreen), kRelBuildOptionsMenuScreen,
     sizeof(kRelBuildOptionsMenuScreen) / sizeof(RelocSlot)},
    {"NuiBeginNamedWindow", 0x005a9bf0, kSigNuiBeginNamedWindow, sizeof(kSigNuiBeginNamedWindow), nullptr, 0},
    {"NuiEndCurrentWindow", 0x005aa7e0, kSigNuiEndCurrentWindow, sizeof(kSigNuiEndCurrentWindow), nullptr, 0},
    {"GetUiSpaceWidth", 0x00547260, kSigGetUiSpaceWidth, sizeof(kSigGetUiSpaceWidth), nullptr, 0},
    {"text edit call site", 0x0053be8e, kSigTextEditCallSite, sizeof(kSigTextEditCallSite), kRelTextEditCallSite,
     sizeof(kRelTextEditCallSite) / sizeof(RelocSlot)},
    {"disabled button idiom", 0x0053b78f, kSigDisabledButtonIdiom, sizeof(kSigDisabledButtonIdiom), kRelDisabledButtonIdiom,
     sizeof(kRelDisabledButtonIdiom) / sizeof(RelocSlot)},
    {"options skin select", 0x00542a2d, kSigOptionsSkinSelect, sizeof(kSigOptionsSkinSelect), kRelOptionsSkinSelect,
     sizeof(kRelOptionsSkinSelect) / sizeof(RelocSlot)},
    {"NUIScopedSkin ctor", 0x005f54f0, kSigNUIScopedSkinCtor, sizeof(kSigNUIScopedSkinCtor), kRelNUIScopedSkinCtor,
     sizeof(kRelNUIScopedSkinCtor) / sizeof(RelocSlot)},
    {"browser skin push", 0x0053bba3, kSigBrowserSkinPush, sizeof(kSigBrowserSkinPush), kRelBrowserSkinPush,
     sizeof(kRelBrowserSkinPush) / sizeof(RelocSlot)},
    {"nk_do_scrollbarv", 0x005d61b0, kSigNkDoScrollbarv, sizeof(kSigNkDoScrollbarv), kRelNkDoScrollbarv,
     sizeof(kRelNkDoScrollbarv) / sizeof(RelocSlot)},
    {"options header banner", 0x005453e0, kSigOptionsHeaderBanner, sizeof(kSigOptionsHeaderBanner), kRelOptionsHeaderBanner,
     sizeof(kRelOptionsHeaderBanner) / sizeof(RelocSlot)},
    {"radio over byte", 0x00546160, kSigRadioOverByte, sizeof(kSigRadioOverByte), kRelRadioOverByte,
     sizeof(kRelRadioOverByte) / sizeof(RelocSlot)},
    {"custom scenario screen skin", 0x00527de7, kSigCustomScenarioScreenSkin, sizeof(kSigCustomScenarioScreenSkin), kRelCustomScenarioScreenSkin,
     sizeof(kRelCustomScenarioScreenSkin) / sizeof(RelocSlot)},
    {"custom scenario type dropdown", 0x00527f29, kSigCustomScenarioTypeDropdown, sizeof(kSigCustomScenarioTypeDropdown), kRelCustomScenarioTypeDropdown,
     sizeof(kRelCustomScenarioTypeDropdown) / sizeof(RelocSlot)},
    {"custom scenario builtin rebuild", 0x00527f7f, kSigCustomScenarioBuiltinRebuild, sizeof(kSigCustomScenarioBuiltinRebuild), kRelCustomScenarioBuiltinRebuild,
     sizeof(kRelCustomScenarioBuiltinRebuild) / sizeof(RelocSlot)},
    {"custom scenario folder rebuild", 0x0052800e, kSigCustomScenarioFolderRebuild, sizeof(kSigCustomScenarioFolderRebuild), kRelCustomScenarioFolderRebuild,
     sizeof(kRelCustomScenarioFolderRebuild) / sizeof(RelocSlot)},
    {"custom scenario mapsize dropdown", 0x00528088, kSigCustomScenarioMapsizeDropdown, sizeof(kSigCustomScenarioMapsizeDropdown), kRelCustomScenarioMapsizeDropdown,
     sizeof(kRelCustomScenarioMapsizeDropdown) / sizeof(RelocSlot)},
    {"custom scenario font push", 0x005280ae, kSigCustomScenarioFontPush, sizeof(kSigCustomScenarioFontPush), kRelCustomScenarioFontPush,
     sizeof(kRelCustomScenarioFontPush) / sizeof(RelocSlot)},
    {"custom scenario folder dropdown", 0x00528120, kSigCustomScenarioFolderDropdown, sizeof(kSigCustomScenarioFolderDropdown), kRelCustomScenarioFolderDropdown,
     sizeof(kRelCustomScenarioFolderDropdown) / sizeof(RelocSlot)},
    {"custom scenario left frame skin", 0x00528310, kSigCustomScenarioLeftFrameSkin, sizeof(kSigCustomScenarioLeftFrameSkin), kRelCustomScenarioLeftFrameSkin,
     sizeof(kRelCustomScenarioLeftFrameSkin) / sizeof(RelocSlot)},
    {"custom scenario list button", 0x00528687, kSigCustomScenarioListButton, sizeof(kSigCustomScenarioListButton), kRelCustomScenarioListButton,
     sizeof(kRelCustomScenarioListButton) / sizeof(RelocSlot)},
    {"custom scenario select entry", 0x005286b0, kSigCustomScenarioSelectEntry, sizeof(kSigCustomScenarioSelectEntry), kRelCustomScenarioSelectEntry,
     sizeof(kRelCustomScenarioSelectEntry) / sizeof(RelocSlot)},
    {"custom scenario publish map", 0x005286da, kSigCustomScenarioPublishMap, sizeof(kSigCustomScenarioPublishMap), kRelCustomScenarioPublishMap,
     sizeof(kRelCustomScenarioPublishMap) / sizeof(RelocSlot)},
    {"custom scenario right frame skin", 0x0052889b, kSigCustomScenarioRightFrameSkin, sizeof(kSigCustomScenarioRightFrameSkin), kRelCustomScenarioRightFrameSkin,
     sizeof(kRelCustomScenarioRightFrameSkin) / sizeof(RelocSlot)},
    {"custom scenario right dropdowns", 0x00528b91, kSigCustomScenarioRightDropdowns, sizeof(kSigCustomScenarioRightDropdowns), kRelCustomScenarioRightDropdowns,
     sizeof(kRelCustomScenarioRightDropdowns) / sizeof(RelocSlot)},
    {"custom scenario nav strip", 0x00528f6d, kSigCustomScenarioNavStrip, sizeof(kSigCustomScenarioNavStrip), kRelCustomScenarioNavStrip,
     sizeof(kRelCustomScenarioNavStrip) / sizeof(RelocSlot)},
    {"NUIScopedFont ctor", 0x005f5590, kSigNUIScopedFontCtor, sizeof(kSigNUIScopedFontCtor), kRelNUIScopedFontCtor,
     sizeof(kRelNUIScopedFontCtor) / sizeof(RelocSlot)},
    {"localized format", 0x0058ac20, kSigLocalizedFormat, sizeof(kSigLocalizedFormat), nullptr, 0},
    {"nk_spacing", 0x005ac9e0, kSigNkSpacing, sizeof(kSigNkSpacing), kRelNkSpacing,
     sizeof(kRelNkSpacing) / sizeof(RelocSlot)},
    {"custom scenario start button", 0x005290b0, kSigCustomScenarioStartButton, sizeof(kSigCustomScenarioStartButton), kRelCustomScenarioStartButton,
     sizeof(kRelCustomScenarioStartButton) / sizeof(RelocSlot)},
    {"custom scenario cancel action", 0x00527c7b, kSigCustomScenarioCancelAction, sizeof(kSigCustomScenarioCancelAction), kRelCustomScenarioCancelAction,
     sizeof(kRelCustomScenarioCancelAction) / sizeof(RelocSlot)},
    {"lobby creation ready flag and dispatch", 0x0053a9d9, kSigLobbyCreationReadyFlagAndDispatch, sizeof(kSigLobbyCreationReadyFlagAndDispatch), kRelLobbyCreationReadyFlagAndDispatch,
     sizeof(kRelLobbyCreationReadyFlagAndDispatch) / sizeof(RelocSlot)},
    {"lobby creation content", 0x00538e20, kSigLobbyCreationContent, sizeof(kSigLobbyCreationContent), kRelLobbyCreationContent,
     sizeof(kRelLobbyCreationContent) / sizeof(RelocSlot)},
    {"lobby creation create button", 0x0053873d, kSigLobbyCreationCreateButton, sizeof(kSigLobbyCreationCreateButton), kRelLobbyCreationCreateButton,
     sizeof(kRelLobbyCreationCreateButton) / sizeof(RelocSlot)},
    {"lobby creation create closure read", 0x005388ca, kSigLobbyCreationCreateClosureRead, sizeof(kSigLobbyCreationCreateClosureRead), nullptr, 0},
    {"lobby creation password field", 0x00538a48, kSigLobbyCreationPasswordField, sizeof(kSigLobbyCreationPasswordField), kRelLobbyCreationPasswordField,
     sizeof(kRelLobbyCreationPasswordField) / sizeof(RelocSlot)},
    {"lobby creation cancel action", 0x0053a170, kSigLobbyCreationCancelAction, sizeof(kSigLobbyCreationCancelAction), kRelLobbyCreationCancelAction,
     sizeof(kRelLobbyCreationCancelAction) / sizeof(RelocSlot)},
    {"lobby creation folder dropdown", 0x00538fec, kSigLobbyCreationFolderDropdown, sizeof(kSigLobbyCreationFolderDropdown), kRelLobbyCreationFolderDropdown,
     sizeof(kRelLobbyCreationFolderDropdown) / sizeof(RelocSlot)},
    {"lobby creation folder rebuild", 0x0053917b, kSigLobbyCreationFolderRebuild, sizeof(kSigLobbyCreationFolderRebuild), kRelLobbyCreationFolderRebuild,
     sizeof(kRelLobbyCreationFolderRebuild) / sizeof(RelocSlot)},
    {"lobby creation mapsize dropdown", 0x005391fc, kSigLobbyCreationMapsizeDropdown, sizeof(kSigLobbyCreationMapsizeDropdown), kRelLobbyCreationMapsizeDropdown,
     sizeof(kRelLobbyCreationMapsizeDropdown) / sizeof(RelocSlot)},
    {"lobby creation map list bounds", 0x00539329, kSigLobbyCreationMapListBounds, sizeof(kSigLobbyCreationMapListBounds), kRelLobbyCreationMapListBounds,
     sizeof(kRelLobbyCreationMapListBounds) / sizeof(RelocSlot)},
    {"lobby creation selected path", 0x005395f4, kSigLobbyCreationSelectedPath, sizeof(kSigLobbyCreationSelectedPath), kRelLobbyCreationSelectedPath,
     sizeof(kRelLobbyCreationSelectedPath) / sizeof(RelocSlot)},
    {"lobby creation name publish", 0x00539614, kSigLobbyCreationNamePublish, sizeof(kSigLobbyCreationNamePublish), kRelLobbyCreationNamePublish,
     sizeof(kRelLobbyCreationNamePublish) / sizeof(RelocSlot)},
    {"lobby creation name edit", 0x00539a6a, kSigLobbyCreationNameEdit, sizeof(kSigLobbyCreationNameEdit), kRelLobbyCreationNameEdit,
     sizeof(kRelLobbyCreationNameEdit) / sizeof(RelocSlot)},
    {"lobby creation resources dropdown", 0x00539ae2, kSigLobbyCreationResourcesDropdown, sizeof(kSigLobbyCreationResourcesDropdown), kRelLobbyCreationResourcesDropdown,
     sizeof(kRelLobbyCreationResourcesDropdown) / sizeof(RelocSlot)},
    {"lobby creation units dropdown", 0x00539b4d, kSigLobbyCreationUnitsDropdown, sizeof(kSigLobbyCreationUnitsDropdown), kRelLobbyCreationUnitsDropdown,
     sizeof(kRelLobbyCreationUnitsDropdown) / sizeof(RelocSlot)},
    {"lobby creation tileset dropdown", 0x00539bb8, kSigLobbyCreationTilesetDropdown, sizeof(kSigLobbyCreationTilesetDropdown), kRelLobbyCreationTilesetDropdown,
     sizeof(kRelLobbyCreationTilesetDropdown) / sizeof(RelocSlot)},
    {"lobby creation starting location dropdown", 0x00539c23, kSigLobbyCreationStartingLocationDropdown, sizeof(kSigLobbyCreationStartingLocationDropdown), kRelLobbyCreationStartingLocationDropdown,
     sizeof(kRelLobbyCreationStartingLocationDropdown) / sizeof(RelocSlot)},
    {"lobby creation game speed slider", 0x00539cb7, kSigLobbyCreationGameSpeedSlider, sizeof(kSigLobbyCreationGameSpeedSlider), kRelLobbyCreationGameSpeedSlider,
     sizeof(kRelLobbyCreationGameSpeedSlider) / sizeof(RelocSlot)},
    {"lobby creation screen skin", 0x00538e85, kSigLobbyCreationScreenSkin, sizeof(kSigLobbyCreationScreenSkin), kRelLobbyCreationScreenSkin,
     sizeof(kRelLobbyCreationScreenSkin) / sizeof(RelocSlot)},
    {"lobby creation heading font", 0x00538f80, kSigLobbyCreationHeadingFont, sizeof(kSigLobbyCreationHeadingFont), kRelLobbyCreationHeadingFont,
     sizeof(kRelLobbyCreationHeadingFont) / sizeof(RelocSlot)},
    {"lobby creation left frame skin", 0x00539220, kSigLobbyCreationLeftFrameSkin, sizeof(kSigLobbyCreationLeftFrameSkin), kRelLobbyCreationLeftFrameSkin,
     sizeof(kRelLobbyCreationLeftFrameSkin) / sizeof(RelocSlot)},
    {"lobby creation right frame skin", 0x00539779, kSigLobbyCreationRightFrameSkin, sizeof(kSigLobbyCreationRightFrameSkin), kRelLobbyCreationRightFrameSkin,
     sizeof(kRelLobbyCreationRightFrameSkin) / sizeof(RelocSlot)},
    {"multiplayer lobby slot row", 0x005348a0, kSigMultiplayerLobbySlotRow, sizeof(kSigMultiplayerLobbySlotRow), kRelMultiplayerLobbySlotRow,
     sizeof(kRelMultiplayerLobbySlotRow) / sizeof(RelocSlot)},
    {"lobby team change request handler", 0x00497e60, kSigLobbyTeamChangeRequestHandler, sizeof(kSigLobbyTeamChangeRequestHandler), kRelLobbyTeamChangeRequestHandler,
     sizeof(kRelLobbyTeamChangeRequestHandler) / sizeof(RelocSlot)},
    {"lobby slot swap request handler", 0x00497b60, kSigLobbySlotSwapRequestHandler, sizeof(kSigLobbySlotSwapRequestHandler), kRelLobbySlotSwapRequestHandler,
     sizeof(kRelLobbySlotSwapRequestHandler) / sizeof(RelocSlot)},
    {"lobby slot dropdown or label", 0x005358e0, kSigLobbySlotDropdownOrLabel, sizeof(kSigLobbySlotDropdownOrLabel), kRelLobbySlotDropdownOrLabel,
     sizeof(kRelLobbySlotDropdownOrLabel) / sizeof(RelocSlot)},
    {"multiplayer lobby team option list", 0x00535632, kSigMultiplayerLobbyTeamOptionList, sizeof(kSigMultiplayerLobbyTeamOptionList), kRelMultiplayerLobbyTeamOptionList,
     sizeof(kRelMultiplayerLobbyTeamOptionList) / sizeof(RelocSlot)},
    {"multiplayer lobby leave button", 0x005361e0, kSigMultiplayerLobbyLeaveButton, sizeof(kSigMultiplayerLobbyLeaveButton), kRelMultiplayerLobbyLeaveButton,
     sizeof(kRelMultiplayerLobbyLeaveButton) / sizeof(RelocSlot)},
    {"multiplayer lobby start game button", 0x00534690, kSigMultiplayerLobbyStartGameButton, sizeof(kSigMultiplayerLobbyStartGameButton), kRelMultiplayerLobbyStartGameButton,
     sizeof(kRelMultiplayerLobbyStartGameButton) / sizeof(RelocSlot)},
    {"multiplayer lobby send chat", 0x00538100, kSigMultiplayerLobbySendChat, sizeof(kSigMultiplayerLobbySendChat), kRelMultiplayerLobbySendChat,
     sizeof(kRelMultiplayerLobbySendChat) / sizeof(RelocSlot)},
    {"multiplayer lobby max players", 0x004a0640, kSigMultiplayerLobbyMaxPlayers, sizeof(kSigMultiplayerLobbyMaxPlayers), kRelMultiplayerLobbyMaxPlayers,
     sizeof(kRelMultiplayerLobbyMaxPlayers) / sizeof(RelocSlot)},
    {"nk_input_is_key_pressed", 0x005c5f20, kSigNkInputIsKeyPressed, sizeof(kSigNkInputIsKeyPressed), nullptr, 0},
    {"nk_layout_row with ratios", 0x005abcf0, kSigNkLayoutRowWithRatios, sizeof(kSigNkLayoutRowWithRatios), nullptr, 0},
    {"multiplayer lobby window open and dispatch", 0x005365d4, kSigMultiplayerLobbyWindowOpenAndDispatch, sizeof(kSigMultiplayerLobbyWindowOpenAndDispatch), kRelMultiplayerLobbyWindowOpenAndDispatch,
     sizeof(kRelMultiplayerLobbyWindowOpenAndDispatch) / sizeof(RelocSlot)},
    {"multiplayer lobby heading font and game name", 0x00536637, kSigMultiplayerLobbyHeadingFontAndGameName, sizeof(kSigMultiplayerLobbyHeadingFontAndGameName), kRelMultiplayerLobbyHeadingFontAndGameName,
     sizeof(kRelMultiplayerLobbyHeadingFontAndGameName) / sizeof(RelocSlot)},
    {"multiplayer lobby chat frame skin", 0x0053695e, kSigMultiplayerLobbyChatFrameSkin, sizeof(kSigMultiplayerLobbyChatFrameSkin), kRelMultiplayerLobbyChatFrameSkin,
     sizeof(kRelMultiplayerLobbyChatFrameSkin) / sizeof(RelocSlot)},
    {"multiplayer lobby chat text skin", 0x00536add, kSigMultiplayerLobbyChatTextSkin, sizeof(kSigMultiplayerLobbyChatTextSkin), kRelMultiplayerLobbyChatTextSkin,
     sizeof(kRelMultiplayerLobbyChatTextSkin) / sizeof(RelocSlot)},
    {"multiplayer lobby chat history vector", 0x00536b0a, kSigMultiplayerLobbyChatHistoryVector, sizeof(kSigMultiplayerLobbyChatHistoryVector), kRelMultiplayerLobbyChatHistoryVector,
     sizeof(kRelMultiplayerLobbyChatHistoryVector) / sizeof(RelocSlot)},
    {"multiplayer lobby chat scroll request", 0x00536c0f, kSigMultiplayerLobbyChatScrollRequest, sizeof(kSigMultiplayerLobbyChatScrollRequest), kRelMultiplayerLobbyChatScrollRequest,
     sizeof(kRelMultiplayerLobbyChatScrollRequest) / sizeof(RelocSlot)},
    {"multiplayer lobby chat input buffer", 0x00536d73, kSigMultiplayerLobbyChatInputBuffer, sizeof(kSigMultiplayerLobbyChatInputBuffer), kRelMultiplayerLobbyChatInputBuffer,
     sizeof(kRelMultiplayerLobbyChatInputBuffer) / sizeof(RelocSlot)},
    {"multiplayer lobby match option flags", 0x00536fc7, kSigMultiplayerLobbyMatchOptionFlags, sizeof(kSigMultiplayerLobbyMatchOptionFlags), kRelMultiplayerLobbyMatchOptionFlags,
     sizeof(kRelMultiplayerLobbyMatchOptionFlags) / sizeof(RelocSlot)},
    {"multiplayer lobby host name", 0x00537172, kSigMultiplayerLobbyHostName, sizeof(kSigMultiplayerLobbyHostName), kRelMultiplayerLobbyHostName,
     sizeof(kRelMultiplayerLobbyHostName) / sizeof(RelocSlot)},
    {"multiplayer lobby player count", 0x005373d5, kSigMultiplayerLobbyPlayerCount, sizeof(kSigMultiplayerLobbyPlayerCount), kRelMultiplayerLobbyPlayerCount,
     sizeof(kRelMultiplayerLobbyPlayerCount) / sizeof(RelocSlot)},
    {"multiplayer lobby map name", 0x0053765a, kSigMultiplayerLobbyMapName, sizeof(kSigMultiplayerLobbyMapName), kRelMultiplayerLobbyMapName,
     sizeof(kRelMultiplayerLobbyMapName) / sizeof(RelocSlot)},
    {"multiplayer lobby game speed", 0x0053784d, kSigMultiplayerLobbyGameSpeed, sizeof(kSigMultiplayerLobbyGameSpeed), kRelMultiplayerLobbyGameSpeed,
     sizeof(kRelMultiplayerLobbyGameSpeed) / sizeof(RelocSlot)},
    {"multiplayer lobby resource option keys", 0x005378f2, kSigMultiplayerLobbyResourceOptionKeys, sizeof(kSigMultiplayerLobbyResourceOptionKeys), kRelMultiplayerLobbyResourceOptionKeys,
     sizeof(kRelMultiplayerLobbyResourceOptionKeys) / sizeof(RelocSlot)},
    {"multiplayer lobby tileset option keys", 0x00537ade, kSigMultiplayerLobbyTilesetOptionKeys, sizeof(kSigMultiplayerLobbyTilesetOptionKeys), kRelMultiplayerLobbyTilesetOptionKeys,
     sizeof(kRelMultiplayerLobbyTilesetOptionKeys) / sizeof(RelocSlot)},
    {"multiplayer lobby start location flag", 0x00537c26, kSigMultiplayerLobbyStartLocationFlag, sizeof(kSigMultiplayerLobbyStartLocationFlag), kRelMultiplayerLobbyStartLocationFlag,
     sizeof(kRelMultiplayerLobbyStartLocationFlag) / sizeof(RelocSlot)},
    {"multiplayer lobby net session", 0x005364ba, kSigMultiplayerLobbyNetSession, sizeof(kSigMultiplayerLobbyNetSession), kRelMultiplayerLobbyNetSession,
     sizeof(kRelMultiplayerLobbyNetSession) / sizeof(RelocSlot)},
    {"multiplayer lobby countdown disable", 0x005365f9, kSigMultiplayerLobbyCountdownDisable, sizeof(kSigMultiplayerLobbyCountdownDisable), kRelMultiplayerLobbyCountdownDisable,
     sizeof(kRelMultiplayerLobbyCountdownDisable) / sizeof(RelocSlot)},
    {"multiplayer lobby entry dead time", 0x00537d04, kSigMultiplayerLobbyEntryDeadTime, sizeof(kSigMultiplayerLobbyEntryDeadTime), kRelMultiplayerLobbyEntryDeadTime,
     sizeof(kRelMultiplayerLobbyEntryDeadTime) / sizeof(RelocSlot)},
    {"millisecond clock", 0x00671bd0, kSigMillisecondClock, sizeof(kSigMillisecondClock), kRelMillisecondClock,
     sizeof(kRelMillisecondClock) / sizeof(RelocSlot)},
    {"multiplayer lobby slot table base", 0x005348f8, kSigMultiplayerLobbySlotTableBase, sizeof(kSigMultiplayerLobbySlotTableBase), kRelMultiplayerLobbySlotTableBase,
     sizeof(kRelMultiplayerLobbySlotTableBase) / sizeof(RelocSlot)},
    {"multiplayer lobby slot name array", 0x00535205, kSigMultiplayerLobbySlotNameArray, sizeof(kSigMultiplayerLobbySlotNameArray), kRelMultiplayerLobbySlotNameArray,
     sizeof(kRelMultiplayerLobbySlotNameArray) / sizeof(RelocSlot)},
    {"sync checksum mismatch branch", 0x0049e2c0, kSigSyncChecksumMismatchBranch, sizeof(kSigSyncChecksumMismatchBranch), kRelSyncChecksumMismatchBranch,
     sizeof(kRelSyncChecksumMismatchBranch) / sizeof(RelocSlot)},
    {"network turn counter", 0x0049ebda, kSigNetworkTurnCounter, sizeof(kSigNetworkTurnCounter), kRelNetworkTurnCounter,
     sizeof(kRelNetworkTurnCounter) / sizeof(RelocSlot)},
    {"GetNextPeerPacket", 0x0049d060, kSigGetNextPeerPacket, sizeof(kSigGetNextPeerPacket), kRelGetNextPeerPacket,
     sizeof(kRelGetNextPeerPacket) / sizeof(RelocSlot)},
    {"game operator delete", 0x007e91f3, kSigGameOperatorDelete, sizeof(kSigGameOperatorDelete), nullptr, 0},
    {"lobby slot by net slot", 0x00497e78, kSigLobbySlotByNetSlot, sizeof(kSigLobbySlotByNetSlot), kRelLobbySlotByNetSlot,
     sizeof(kRelLobbySlotByNetSlot) / sizeof(RelocSlot)},
    {"SelectMapByRegistryName", 0x004f6dd0, kSigSelectMapByRegistryName, sizeof(kSigSelectMapByRegistryName), kRelSelectMapByRegistryName,
     sizeof(kRelSelectMapByRegistryName) / sizeof(RelocSlot)},
    {"map download session", 0x0049f096, kSigMapDownloadSession, sizeof(kSigMapDownloadSession), kRelMapDownloadSession,
     sizeof(kRelMapDownloadSession) / sizeof(RelocSlot)},
    {"KickLobbyPeer", 0x0049b5e0, kSigKickLobbyPeer, sizeof(kSigKickLobbyPeer), kRelKickLobbyPeer,
     sizeof(kRelKickLobbyPeer) / sizeof(RelocSlot)},
    {"multiplayer lobby popup draw", 0x00537efe, kSigMultiplayerLobbyPopupDraw, sizeof(kSigMultiplayerLobbyPopupDraw), kRelMultiplayerLobbyPopupDraw,
     sizeof(kRelMultiplayerLobbyPopupDraw) / sizeof(RelocSlot)},
    {"multiplayer lobby missing map flag", 0x00536375, kSigMultiplayerLobbyMissingMapFlag, sizeof(kSigMultiplayerLobbyMissingMapFlag), kRelMultiplayerLobbyMissingMapFlag,
     sizeof(kRelMultiplayerLobbyMissingMapFlag) / sizeof(RelocSlot)},
    {"nk_layout_widget_space", 0x005d1b42, kSigNkLayoutWidgetSpace, sizeof(kSigNkLayoutWidgetSpace), nullptr, 0},
    {"War2MultiplayerBNet constructor", 0x00522fe0, kSigWar2MultiplayerBNetConstructor, sizeof(kSigWar2MultiplayerBNetConstructor), kRelWar2MultiplayerBNetConstructor,
     sizeof(kRelWar2MultiplayerBNetConstructor) / sizeof(RelocSlot)},
    {"select map scan and publish calls", 0x004f7031, kSigSelectMapScanAndPublishCalls, sizeof(kSigSelectMapScanAndPublishCalls), nullptr, 0},
    {"popup layout frame skins", 0x00547286, kSigPopupLayoutFrameSkins, sizeof(kSigPopupLayoutFrameSkins), kRelPopupLayoutFrameSkins,
     sizeof(kRelPopupLayoutFrameSkins) / sizeof(RelocSlot)},
    {"multiplayer lobby leave sequence", 0x005361fd, kSigMultiplayerLobbyLeaveSequence, sizeof(kSigMultiplayerLobbyLeaveSequence), kRelMultiplayerLobbyLeaveSequence,
     sizeof(kRelMultiplayerLobbyLeaveSequence) / sizeof(RelocSlot)},
    {"game list popup set text", 0x00627390, kSigGameListPopupSetText, sizeof(kSigGameListPopupSetText), nullptr, 0},
    {"game list popup set buttons", 0x006273b0, kSigGameListPopupSetButtons, sizeof(kSigGameListPopupSetButtons), nullptr, 0},
    {"game list popup set layout", 0x006273d0, kSigGameListPopupSetLayout, sizeof(kSigGameListPopupSetLayout), nullptr, 0},
    {"game list popup open", 0x00627430, kSigGameListPopupOpen, sizeof(kSigGameListPopupOpen), nullptr, 0},
    {"game list popup close", 0x00627450, kSigGameListPopupClose, sizeof(kSigGameListPopupClose), kRelGameListPopupClose,
     sizeof(kRelGameListPopupClose) / sizeof(RelocSlot)},
    {"alliances window open", 0x00525715, kSigAlliancesWindowOpen, sizeof(kSigAlliancesWindowOpen), kRelAlliancesWindowOpen,
     sizeof(kRelAlliancesWindowOpen) / sizeof(RelocSlot)},
    {"alliances window skin", 0x0052574b, kSigAlliancesWindowSkin, sizeof(kSigAlliancesWindowSkin), kRelAlliancesWindowSkin,
     sizeof(kRelAlliancesWindowSkin) / sizeof(RelocSlot)},
    {"alliances allowed greys victory", 0x00525915, kSigAlliancesAllowedGreysVictory, sizeof(kSigAlliancesAllowedGreysVictory), kRelAlliancesAllowedGreysVictory,
     sizeof(kRelAlliancesAllowedGreysVictory) / sizeof(RelocSlot)},
    {"alliances victory checkbox", 0x0052592c, kSigAlliancesVictoryCheckbox, sizeof(kSigAlliancesVictoryCheckbox), kRelAlliancesVictoryCheckbox,
     sizeof(kRelAlliancesVictoryCheckbox) / sizeof(RelocSlot)},
    {"alliances name table", 0x00525ae7, kSigAlliancesNameTable, sizeof(kSigAlliancesNameTable), kRelAlliancesNameTable,
     sizeof(kRelAlliancesNameTable) / sizeof(RelocSlot)},
    {"alliances row font", 0x00525b12, kSigAlliancesRowFont, sizeof(kSigAlliancesRowFont), kRelAlliancesRowFont,
     sizeof(kRelAlliancesRowFont) / sizeof(RelocSlot)},
    {"alliances row icon and name", 0x00525d79, kSigAlliancesRowIconAndName, sizeof(kSigAlliancesRowIconAndName), kRelAlliancesRowIconAndName,
     sizeof(kRelAlliancesRowIconAndName) / sizeof(RelocSlot)},
    {"alliances allied checkbox", 0x00525db2, kSigAlliancesAlliedCheckbox, sizeof(kSigAlliancesAlliedCheckbox), kRelAlliancesAlliedCheckbox,
     sizeof(kRelAlliancesAlliedCheckbox) / sizeof(RelocSlot)},
    {"alliances vision checkbox", 0x00525dcf, kSigAlliancesVisionCheckbox, sizeof(kSigAlliancesVisionCheckbox), kRelAlliancesVisionCheckbox,
     sizeof(kRelAlliancesVisionCheckbox) / sizeof(RelocSlot)},
    {"alliances footer", 0x00525ec9, kSigAlliancesFooter, sizeof(kSigAlliancesFooter), kRelAlliancesFooter,
     sizeof(kRelAlliancesFooter) / sizeof(RelocSlot)},
    {"peer departed is state 2", 0x004a0000, kSigPeerDepartedIsState2, sizeof(kSigPeerDepartedIsState2), kRelPeerDepartedIsState2,
     sizeof(kRelPeerDepartedIsState2) / sizeof(RelocSlot)},
    {"match result dead slot is loss", 0x004f49c7, kSigMatchResultDeadSlotIsLoss, sizeof(kSigMatchResultDeadSlotIsLoss), kRelMatchResultDeadSlotIsLoss,
     sizeof(kRelMatchResultDeadSlotIsLoss) / sizeof(RelocSlot)},
    {"in-match HUD builder", 0x0052f5f0, kSigInMatchHUDBuilder, sizeof(kSigInMatchHUDBuilder), kRelInMatchHUDBuilder,
     sizeof(kRelInMatchHUDBuilder) / sizeof(RelocSlot)},
    {"edit control refuses typing while paused", 0x004a6350, kSigEditControlRefusesTypingWhilePaused, sizeof(kSigEditControlRefusesTypingWhilePaused), kRelEditControlRefusesTypingWhilePaused,
     sizeof(kRelEditControlRefusesTypingWhilePaused) / sizeof(RelocSlot)},
    {"pause command handler", 0x004d8c90, kSigPauseCommandHandler, sizeof(kSigPauseCommandHandler), kRelPauseCommandHandler,
     sizeof(kRelPauseCommandHandler) / sizeof(RelocSlot)},
    {"resume command handler", 0x004d8c20, kSigResumeCommandHandler, sizeof(kSigResumeCommandHandler), kRelResumeCommandHandler,
     sizeof(kRelResumeCommandHandler) / sizeof(RelocSlot)},
};
